ID,Image Name,Healthy,Crack,Cell Breakage,Dark Area,HotSpot,Other Defect
0,cell0001.png,0,1,0,0,0,0
1,cell0002.png,0,1,0,0,0,0
2,cell0003.png,0,1,0,0,0,0
3,cell0004.png,1,0,0,0,0,0
4,cell0005.png,0,0,0,1,0,0
5,cell0006.png,0,1,0,0,1,0
6,cell0007.png,0,1,0,1,0,0
7,cell0008.png,0,0,0,1,0,0
8,cell0009.png,1,0,0,0,0,0
9,cell0010.png,0,1,0,0,0,0
10,cell0011.png,1,0,0,0,0,0
11,cell0012.png,0,0,1,0,0,0
12,cell0013.png,0,1,0,0,0,0
13,cell0014.png,0,0,0,1,0,0
14,cell0015.png,0,1,0,0,0,0
15,cell0016.png,0,1,0,0,0,0
16,cell0017.png,0,1,0,0,0,0
17,cell0018.png,0,0,1,0,0,0
18,cell0019.png,0,0,1,1,0,0
19,cell0020.png,0,0,1,0,1,0
20,cell0021.png,0,0,1,0,0,0
21,cell0022.png,0,0,1,0,0,0
22,cell0023.png,0,0,0,1,0,0
23,cell0024.png,0,0,0,1,0,0
24,cell0025.png,0,0,0,0,0,1
25,cell0026.png,0,1,0,0,1,0
26,cell0027.png,0,1,0,1,0,0
27,cell0028.png,0,0,1,1,0,0
28,cell0029.png,0,0,1,0,0,0
29,cell0030.png,0,0,1,0,0,0
30,cell0031.png,0,0,0,0,0,1
31,cell0032.png,0,0,0,0,0,1
32,cell0033.png,0,1,0,0,0,0
33,cell0034.png,0,0,0,1,0,0
34,cell0035.png,0,0,0,0,1,0
35,cell0036.png,0,0,0,0,1,0
36,cell0037.png,0,0,1,1,0,0
37,cell0038.png,0,1,0,0,0,0
38,cell0039.png,0,0,1,0,0,0
39,cell0040.png,0,0,1,0,0,0
40,cell0041.png,0,1,0,0,1,0
41,cell0042.png,0,0,0,0,1,0
42,cell0043.png,0,1,0,0,1,0
43,cell0044.png,0,1,0,0,0,0
44,cell0045.png,0,0,1,1,0,0
45,cell0046.png,0,1,0,1,0,0
46,cell0047.png,0,1,0,1,0,0
47,cell0048.png,0,0,0,1,0,0
48,cell0049.png,0,1,0,0,0,0
49,cell0050.png,0,0,0,0,0,1
50,cell0051.png,0,0,0,0,0,1
51,cell0052.png,0,0,0,0,0,1
52,cell0053.png,0,0,0,1,0,0
53,cell0054.png,0,1,0,1,0,0
54,cell0055.png,0,1,0,1,0,0
55,cell0056.png,0,1,0,0,0,0
56,cell0057.png,0,0,0,1,1,0
57,cell0058.png,0,1,0,0,0,0
58,cell0059.png,0,1,0,0,0,0
59,cell0060.png,1,0,0,0,0,0
60,cell0061.png,1,0,0,0,0,0
61,cell0062.png,1,0,0,0,0,0
62,cell0063.png,1,0,0,0,0,0
63,cell0064.png,1,0,0,0,0,0
64,cell0065.png,1,0,0,0,0,0
65,cell0066.png,1,0,0,0,0,0
66,cell0067.png,1,0,0,0,0,0
67,cell0068.png,0,1,0,0,1,0
68,cell0069.png,1,0,0,0,0,0
69,cell0070.png,0,0,0,0,1,0
70,cell0071.png,1,0,0,0,0,0
71,cell0072.png,1,0,0,0,0,0
72,cell0073.png,0,1,0,0,1,0
73,cell0074.png,1,0,0,0,0,0
74,cell0075.png,1,0,0,0,0,0
75,cell0076.png,0,1,0,0,0,0
76,cell0077.png,0,1,0,0,0,0
77,cell0078.png,0,1,0,0,0,0
78,cell0079.png,1,0,0,0,0,0
79,cell0080.png,1,0,0,0,0,0
80,cell0081.png,1,0,0,0,0,0
81,cell0082.png,1,0,0,0,0,0
82,cell0083.png,0,1,0,0,0,0
83,cell0084.png,1,0,0,0,0,0
84,cell0085.png,1,0,0,0,0,0
85,cell0086.png,1,0,0,0,0,0
86,cell0087.png,0,0,0,0,0,1
87,cell0088.png,1,0,0,0,0,0
88,cell0089.png,0,1,0,0,1,0
89,cell0090.png,1,0,0,0,0,0
90,cell0091.png,0,1,0,0,0,0
91,cell0092.png,1,0,0,0,0,0
92,cell0093.png,0,0,0,0,1,0
93,cell0094.png,1,0,0,0,0,0
94,cell0095.png,1,0,0,0,0,0
95,cell0096.png,1,0,0,0,0,0
96,cell0097.png,1,0,0,0,0,0
97,cell0098.png,0,0,0,0,0,1
98,cell0099.png,1,0,0,0,0,0
99,cell0100.png,1,0,0,0,0,0
100,cell0101.png,1,0,0,0,0,0
101,cell0102.png,1,0,0,0,0,0
102,cell0103.png,1,0,0,0,0,0
103,cell0104.png,1,0,0,0,0,0
104,cell0105.png,1,0,0,0,0,0
105,cell0106.png,1,0,0,0,0,0
106,cell0107.png,1,0,0,0,0,0
107,cell0108.png,1,0,0,0,0,0
108,cell0109.png,1,0,0,0,0,0
109,cell0110.png,1,0,0,0,0,0
110,cell0111.png,1,0,0,0,0,0
111,cell0112.png,0,0,0,0,1,0
112,cell0113.png,1,0,0,0,0,0
113,cell0114.png,1,0,0,0,0,0
114,cell0115.png,0,0,0,1,0,0
115,cell0116.png,1,0,0,0,0,0
116,cell0117.png,1,0,0,0,0,0
117,cell0118.png,1,0,0,0,0,0
118,cell0119.png,1,0,0,0,0,0
119,cell0120.png,1,0,0,0,0,0
120,cell0121.png,1,0,0,0,0,0
121,cell0122.png,1,0,0,0,0,0
122,cell0123.png,1,0,0,0,0,0
123,cell0124.png,0,0,0,0,1,0
124,cell0125.png,0,0,0,0,1,0
125,cell0126.png,1,0,0,0,0,0
126,cell0127.png,0,0,0,0,1,0
127,cell0128.png,1,0,0,0,0,0
128,cell0129.png,1,0,0,0,0,0
129,cell0130.png,1,0,0,0,0,0
130,cell0131.png,1,0,0,0,0,0
131,cell0132.png,1,0,0,0,0,0
132,cell0133.png,1,0,0,0,0,0
133,cell0134.png,0,0,0,0,0,1
134,cell0135.png,1,0,0,0,0,0
135,cell0136.png,1,0,0,0,0,0
136,cell0137.png,1,0,0,0,0,0
137,cell0138.png,1,0,0,0,0,0
138,cell0139.png,1,0,0,0,0,0
139,cell0140.png,1,0,0,0,0,0
140,cell0141.png,0,1,0,0,0,0
141,cell0142.png,1,0,0,0,0,0
142,cell0143.png,0,0,0,0,1,0
143,cell0144.png,1,0,0,0,0,0
144,cell0145.png,1,0,0,0,0,0
145,cell0146.png,0,1,0,0,0,0
146,cell0147.png,0,1,0,0,0,0
147,cell0148.png,0,0,0,0,0,1
148,cell0149.png,0,0,0,0,0,1
149,cell0150.png,0,0,0,0,0,1
150,cell0151.png,1,0,0,0,0,0
151,cell0152.png,1,0,0,0,0,0
152,cell0153.png,1,0,0,0,0,0
153,cell0154.png,1,0,0,0,0,0
154,cell0155.png,0,1,0,0,0,0
155,cell0156.png,1,0,0,0,0,0
156,cell0157.png,1,0,0,0,0,0
157,cell0158.png,0,0,0,0,0,1
158,cell0159.png,1,0,0,0,0,0
159,cell0160.png,0,0,0,1,0,0
160,cell0161.png,0,0,0,0,1,0
161,cell0162.png,0,0,0,0,1,0
162,cell0163.png,1,0,0,0,0,0
163,cell0164.png,0,1,0,0,1,0
164,cell0165.png,0,1,0,0,0,0
165,cell0166.png,1,0,0,0,0,0
166,cell0167.png,0,0,0,0,0,1
167,cell0168.png,1,0,0,0,0,0
168,cell0169.png,0,0,0,0,0,1
169,cell0170.png,1,0,0,0,0,0
170,cell0171.png,0,1,0,0,0,0
171,cell0172.png,1,0,0,0,0,0
172,cell0173.png,1,0,0,0,0,0
173,cell0174.png,1,0,0,0,0,0
174,cell0175.png,1,0,0,0,0,0
175,cell0176.png,0,0,0,0,1,0
176,cell0177.png,0,0,0,1,0,0
177,cell0178.png,0,0,0,0,0,1
178,cell0179.png,1,0,0,0,0,0
179,cell0180.png,0,0,0,0,0,1
180,cell0181.png,0,0,0,0,1,0
181,cell0182.png,0,0,0,0,1,0
182,cell0183.png,0,0,0,0,1,0
183,cell0184.png,0,0,0,0,1,0
184,cell0185.png,0,0,0,0,0,1
185,cell0186.png,0,0,0,0,1,0
186,cell0187.png,0,1,0,0,1,0
187,cell0188.png,0,0,0,0,1,0
188,cell0189.png,0,0,0,0,1,0
189,cell0190.png,0,0,0,0,1,0
190,cell0191.png,0,0,0,0,1,0
191,cell0192.png,0,1,0,0,0,0
192,cell0193.png,0,0,0,0,1,0
193,cell0194.png,0,0,0,0,1,0
194,cell0195.png,1,0,0,0,0,0
195,cell0196.png,0,1,0,0,1,0
196,cell0197.png,0,0,0,0,1,0
197,cell0198.png,0,0,0,0,1,0
198,cell0199.png,0,0,0,0,1,0
199,cell0200.png,0,0,0,0,1,0
200,cell0201.png,0,0,0,0,0,1
201,cell0202.png,0,0,0,0,1,0
202,cell0203.png,0,1,0,0,1,0
203,cell0204.png,0,0,0,0,1,0
204,cell0205.png,0,0,0,0,1,0
205,cell0206.png,0,1,0,0,1,0
206,cell0207.png,0,0,0,0,1,0
207,cell0208.png,0,1,0,0,1,0
208,cell0209.png,0,0,0,0,1,0
209,cell0210.png,0,0,0,0,1,0
210,cell0211.png,0,1,0,0,1,0
211,cell0212.png,0,1,0,0,1,0
212,cell0213.png,0,1,0,0,1,0
213,cell0214.png,0,0,0,0,1,0
214,cell0215.png,0,0,0,0,1,0
215,cell0216.png,0,0,0,0,1,0
216,cell0217.png,0,0,0,0,1,0
217,cell0218.png,0,1,0,0,1,0
218,cell0219.png,0,0,0,0,1,0
219,cell0220.png,0,1,0,0,1,0
220,cell0221.png,0,0,1,0,0,0
221,cell0222.png,0,0,0,0,1,0
222,cell0223.png,0,1,0,0,1,0
223,cell0224.png,0,0,0,0,1,0
224,cell0225.png,0,0,0,0,1,0
225,cell0226.png,1,0,0,0,0,0
226,cell0227.png,0,0,0,0,1,0
227,cell0228.png,0,1,0,0,1,0
228,cell0229.png,0,1,0,0,1,0
229,cell0230.png,1,0,0,0,0,0
230,cell0231.png,0,1,0,0,1,0
231,cell0232.png,0,0,0,0,0,1
232,cell0233.png,0,0,0,0,1,0
233,cell0234.png,0,0,0,0,0,1
234,cell0235.png,0,0,0,0,1,0
235,cell0236.png,1,0,0,0,0,0
236,cell0237.png,1,0,0,0,0,0
237,cell0238.png,0,0,0,0,0,1
238,cell0239.png,1,0,0,0,0,0
239,cell0240.png,0,0,0,0,1,0
240,cell0241.png,0,1,0,1,0,0
241,cell0242.png,0,1,0,0,0,0
242,cell0243.png,0,0,1,0,0,0
243,cell0244.png,0,0,0,0,0,1
244,cell0245.png,0,0,1,0,0,0
245,cell0246.png,0,1,0,0,0,0
246,cell0247.png,0,1,0,0,0,0
247,cell0248.png,0,0,0,1,0,0
248,cell0249.png,0,0,1,0,0,0
249,cell0250.png,0,0,1,0,0,0
250,cell0251.png,0,1,0,0,0,0
251,cell0252.png,0,1,0,0,0,0
252,cell0253.png,0,0,1,0,0,0
253,cell0254.png,0,0,0,0,1,0
254,cell0255.png,0,0,1,0,0,0
255,cell0256.png,0,0,1,0,0,0
256,cell0257.png,0,0,1,0,0,0
257,cell0258.png,0,0,0,0,1,0
258,cell0259.png,1,0,0,0,0,0
259,cell0260.png,1,0,0,0,0,0
260,cell0261.png,0,0,1,0,0,0
261,cell0262.png,1,0,0,0,0,0
262,cell0263.png,0,1,0,0,0,0
263,cell0264.png,0,1,0,0,0,0
264,cell0265.png,0,1,0,0,0,0
265,cell0266.png,0,1,0,0,0,0
266,cell0267.png,0,0,0,0,1,0
267,cell0268.png,0,1,0,0,0,0
268,cell0269.png,1,0,0,0,0,0
269,cell0270.png,0,0,0,1,0,0
270,cell0271.png,0,1,0,0,0,0
271,cell0272.png,1,0,0,0,0,0
272,cell0273.png,1,0,0,0,0,0
273,cell0274.png,0,1,0,0,0,0
274,cell0275.png,0,1,0,0,1,0
275,cell0276.png,1,0,0,0,0,0
276,cell0277.png,0,0,1,0,0,0
277,cell0278.png,0,0,1,0,0,0
278,cell0279.png,0,1,0,0,0,0
279,cell0280.png,0,0,0,0,0,1
280,cell0281.png,0,1,0,0,0,0
281,cell0282.png,1,0,0,0,0,0
282,cell0283.png,0,1,0,0,0,0
283,cell0284.png,0,1,0,0,0,0
284,cell0285.png,0,1,0,0,0,0
285,cell0286.png,0,1,0,0,0,0
286,cell0287.png,0,1,0,0,0,0
287,cell0288.png,0,1,0,0,0,0
288,cell0289.png,0,1,0,0,0,0
289,cell0290.png,0,1,0,0,0,0
290,cell0291.png,0,0,0,0,0,1
291,cell0292.png,0,0,0,0,0,1
292,cell0293.png,0,1,0,0,0,0
293,cell0294.png,0,1,0,0,0,0
294,cell0295.png,0,1,0,0,0,0
295,cell0296.png,0,1,0,0,0,0
296,cell0297.png,0,1,0,0,0,0
297,cell0298.png,0,1,0,0,0,0
298,cell0299.png,0,1,0,0,0,0
299,cell0300.png,1,0,0,0,0,0
300,cell0301.png,0,0,0,0,0,1
301,cell0302.png,1,0,0,0,0,0
302,cell0303.png,0,0,0,0,0,1
303,cell0304.png,0,0,0,0,1,0
304,cell0305.png,0,1,0,0,0,0
305,cell0306.png,1,0,0,0,0,0
306,cell0307.png,0,0,0,1,0,0
307,cell0308.png,1,0,0,0,0,0
308,cell0309.png,1,0,0,0,0,0
309,cell0310.png,1,0,0,0,0,0
310,cell0311.png,1,0,0,0,0,0
311,cell0312.png,0,0,1,0,0,0
312,cell0313.png,1,0,0,0,0,0
313,cell0314.png,1,0,0,0,0,0
314,cell0315.png,1,0,0,0,0,0
315,cell0316.png,0,1,0,0,0,0
316,cell0317.png,0,1,0,0,0,0
317,cell0318.png,1,0,0,0,0,0
318,cell0319.png,0,1,0,0,0,0
319,cell0320.png,0,0,1,0,0,0
320,cell0321.png,0,1,0,0,0,0
321,cell0322.png,0,1,0,0,0,0
322,cell0323.png,0,1,0,0,0,0
323,cell0324.png,0,1,0,0,0,0
324,cell0325.png,0,0,0,0,0,1
325,cell0326.png,0,0,0,0,0,1
326,cell0327.png,1,0,0,0,0,0
327,cell0328.png,1,0,0,0,0,0
328,cell0329.png,1,0,0,0,0,0
329,cell0330.png,1,0,0,0,0,0
330,cell0331.png,1,0,0,0,0,0
331,cell0332.png,1,0,0,0,0,0
332,cell0333.png,1,0,0,0,0,0
333,cell0334.png,1,0,0,0,0,0
334,cell0335.png,0,1,0,0,0,0
335,cell0336.png,1,0,0,0,0,0
336,cell0337.png,1,0,0,0,0,0
337,cell0338.png,1,0,0,0,0,0
338,cell0339.png,1,0,0,0,0,0
339,cell0340.png,1,0,0,0,0,0
340,cell0341.png,1,0,0,0,0,0
341,cell0342.png,0,1,0,0,0,0
342,cell0343.png,1,0,0,0,0,0
343,cell0344.png,1,0,0,0,0,0
344,cell0345.png,1,0,0,0,0,0
345,cell0346.png,0,1,0,0,0,0
346,cell0347.png,0,1,0,0,1,0
347,cell0348.png,1,0,0,0,0,0
348,cell0349.png,1,0,0,0,0,0
349,cell0350.png,1,0,0,0,0,0
350,cell0351.png,0,0,0,0,1,0
351,cell0352.png,1,0,0,0,0,0
352,cell0353.png,1,0,0,0,0,0
353,cell0354.png,1,0,0,0,0,0
354,cell0355.png,1,0,0,0,0,0
355,cell0356.png,1,0,0,0,0,0
356,cell0357.png,1,0,0,0,0,0
357,cell0358.png,1,0,0,0,0,0
358,cell0359.png,1,0,0,0,0,0
359,cell0360.png,1,0,0,0,0,0
360,cell0361.png,0,1,0,0,0,0
361,cell0362.png,0,1,0,0,1,0
362,cell0363.png,0,0,0,0,0,1
363,cell0364.png,0,1,0,0,0,0
364,cell0365.png,0,1,0,0,0,0
365,cell0366.png,0,1,0,0,0,0
366,cell0367.png,0,0,1,0,0,0
367,cell0368.png,0,1,0,0,0,0
368,cell0369.png,1,0,0,0,0,0
369,cell0370.png,0,1,0,0,0,0
370,cell0371.png,0,1,0,0,0,0
371,cell0372.png,0,0,1,0,0,0
372,cell0373.png,0,1,0,0,0,0
373,cell0374.png,0,1,0,0,0,0
374,cell0375.png,0,1,0,0,0,0
375,cell0376.png,0,0,1,0,0,0
376,cell0377.png,0,0,1,0,0,0
377,cell0378.png,0,1,0,0,0,0
378,cell0379.png,0,0,1,0,0,0
379,cell0380.png,0,0,1,0,0,0
380,cell0381.png,0,1,0,0,0,0
381,cell0382.png,0,0,1,0,0,0
382,cell0383.png,0,1,0,0,0,0
383,cell0384.png,0,1,0,0,0,0
384,cell0385.png,0,0,1,0,0,0
385,cell0386.png,0,1,0,0,1,0
386,cell0387.png,0,1,0,0,0,0
387,cell0388.png,0,1,0,0,1,0
388,cell0389.png,0,0,1,0,0,0
389,cell0390.png,0,0,1,0,0,0
390,cell0391.png,0,0,0,0,0,1
391,cell0392.png,0,1,0,0,0,0
392,cell0393.png,0,1,0,0,0,0
393,cell0394.png,0,1,0,0,0,0
394,cell0395.png,0,0,0,0,0,1
395,cell0396.png,0,1,0,1,0,0
396,cell0397.png,1,0,0,0,0,0
397,cell0398.png,0,1,0,0,0,0
398,cell0399.png,0,1,0,0,0,0
399,cell0400.png,0,1,0,0,0,0
400,cell0401.png,0,0,1,0,0,0
401,cell0402.png,0,1,0,0,0,0
402,cell0403.png,0,1,0,0,0,0
403,cell0404.png,0,0,1,0,0,0
404,cell0405.png,0,1,0,0,0,0
405,cell0406.png,0,0,1,0,0,0
406,cell0407.png,0,1,0,0,0,0
407,cell0408.png,0,1,0,0,0,0
408,cell0409.png,0,1,0,0,0,0
409,cell0410.png,1,0,0,0,0,0
410,cell0411.png,0,1,0,0,0,0
411,cell0412.png,0,1,0,0,0,0
412,cell0413.png,1,0,0,0,0,0
413,cell0414.png,0,1,0,0,0,0
414,cell0415.png,0,1,0,0,0,0
415,cell0416.png,0,1,0,0,0,0
416,cell0417.png,0,1,0,0,0,0
417,cell0418.png,0,1,0,0,0,0
418,cell0419.png,0,1,0,0,0,0
419,cell0420.png,0,1,0,0,0,0
420,cell0421.png,0,0,1,0,0,0
421,cell0422.png,0,1,0,0,0,0
422,cell0423.png,1,0,0,0,0,0
423,cell0424.png,0,1,0,0,0,0
424,cell0425.png,1,0,0,0,0,0
425,cell0426.png,0,1,0,0,0,0
426,cell0427.png,0,1,0,0,0,0
427,cell0428.png,0,1,0,0,0,0
428,cell0429.png,0,1,0,0,0,0
429,cell0430.png,0,1,0,0,0,0
430,cell0431.png,0,1,0,0,0,0
431,cell0432.png,0,0,1,0,0,0
432,cell0433.png,0,1,0,0,0,0
433,cell0434.png,0,0,1,0,0,0
434,cell0435.png,0,1,0,0,0,0
435,cell0436.png,0,1,0,0,0,0
436,cell0437.png,0,0,0,0,0,1
437,cell0438.png,0,1,0,0,0,0
438,cell0439.png,0,0,0,0,0,1
439,cell0440.png,0,1,0,0,0,0
440,cell0441.png,0,1,0,0,0,0
441,cell0442.png,0,1,0,0,0,0
442,cell0443.png,0,1,0,0,0,0
443,cell0444.png,0,0,1,0,0,0
444,cell0445.png,1,0,0,0,0,0
445,cell0446.png,0,1,0,0,1,0
446,cell0447.png,1,0,0,0,0,0
447,cell0448.png,0,1,0,0,0,0
448,cell0449.png,1,0,0,0,0,0
449,cell0450.png,0,1,0,0,0,0
450,cell0451.png,0,0,1,0,0,0
451,cell0452.png,0,0,1,0,0,0
452,cell0453.png,0,1,0,0,0,0
453,cell0454.png,0,0,1,0,0,0
454,cell0455.png,0,1,0,0,0,0
455,cell0456.png,0,1,0,0,0,0
456,cell0457.png,0,1,0,0,0,0
457,cell0458.png,0,0,0,0,0,1
458,cell0459.png,0,1,0,0,1,0
459,cell0460.png,0,0,1,0,1,0
460,cell0461.png,0,1,0,0,0,0
461,cell0462.png,0,1,0,0,0,0
462,cell0463.png,0,1,0,0,0,0
463,cell0464.png,0,0,1,0,0,0
464,cell0465.png,1,0,0,0,0,0
465,cell0466.png,0,1,0,0,0,0
466,cell0467.png,0,1,0,0,0,0
467,cell0468.png,0,0,0,0,0,1
468,cell0469.png,0,0,1,0,0,0
469,cell0470.png,0,1,0,0,0,0
470,cell0471.png,0,1,0,0,0,0
471,cell0472.png,0,1,0,0,1,0
472,cell0473.png,0,0,1,0,0,0
473,cell0474.png,0,1,0,0,0,0
474,cell0475.png,0,0,0,0,0,1
475,cell0476.png,0,0,0,0,0,1
476,cell0477.png,0,1,0,0,1,0
477,cell0478.png,0,0,0,0,0,1
478,cell0479.png,0,1,0,0,0,0
479,cell0480.png,1,0,0,0,0,0
480,cell0481.png,0,1,0,0,0,0
481,cell0482.png,0,1,0,0,0,0
482,cell0483.png,1,0,0,0,0,0
483,cell0484.png,0,1,0,0,0,0
484,cell0485.png,0,1,0,0,0,0
485,cell0486.png,0,1,0,0,0,0
486,cell0487.png,0,1,0,0,0,0
487,cell0488.png,0,0,1,0,0,0
488,cell0489.png,0,1,0,0,0,0
489,cell0490.png,0,1,0,0,0,0
490,cell0491.png,0,1,0,0,0,0
491,cell0492.png,0,1,0,0,0,0
492,cell0493.png,0,0,1,0,0,0
493,cell0494.png,0,0,1,0,0,0
494,cell0495.png,0,0,1,0,0,0
495,cell0496.png,0,1,0,0,0,0
496,cell0497.png,0,1,0,0,0,0
497,cell0498.png,0,0,1,0,0,0
498,cell0499.png,0,0,1,0,0,0
499,cell0500.png,1,0,0,0,0,0
500,cell0501.png,0,0,0,0,1,0
501,cell0502.png,0,1,0,0,0,0
502,cell0503.png,1,0,0,0,0,0
503,cell0504.png,1,0,0,0,0,0
504,cell0505.png,0,0,1,0,0,0
505,cell0506.png,0,1,0,0,0,0
506,cell0507.png,0,1,0,0,0,0
507,cell0508.png,1,0,0,0,0,0
508,cell0509.png,1,0,0,0,0,0
509,cell0510.png,0,1,0,0,0,0
510,cell0511.png,0,0,1,0,0,0
511,cell0512.png,0,1,0,0,0,0
512,cell0513.png,0,0,1,0,0,0
513,cell0514.png,0,0,1,0,0,0
514,cell0515.png,0,0,1,0,0,0
515,cell0516.png,0,1,0,0,0,0
516,cell0517.png,0,0,0,1,0,0
517,cell0518.png,1,0,0,0,0,0
518,cell0519.png,1,0,0,0,0,0
519,cell0520.png,0,0,1,0,0,0
520,cell0521.png,0,1,0,0,0,0
521,cell0522.png,0,1,0,0,1,0
522,cell0523.png,0,0,1,0,0,0
523,cell0524.png,0,0,1,0,1,0
524,cell0525.png,0,0,1,0,0,0
525,cell0526.png,1,0,0,0,0,0
526,cell0527.png,0,0,1,0,0,0
527,cell0528.png,0,1,0,0,0,0
528,cell0529.png,0,1,0,0,0,0
529,cell0530.png,0,0,0,0,0,1
530,cell0531.png,0,1,0,0,0,0
531,cell0532.png,1,0,0,0,0,0
532,cell0533.png,0,1,0,0,0,0
533,cell0534.png,0,1,0,0,0,0
534,cell0535.png,0,0,1,0,0,0
535,cell0536.png,0,1,0,0,0,0
536,cell0537.png,0,1,0,0,0,0
537,cell0538.png,1,0,0,0,0,0
538,cell0539.png,0,1,0,0,0,0
539,cell0540.png,0,0,0,0,0,1
540,cell0541.png,1,0,0,0,0,0
541,cell0542.png,1,0,0,0,0,0
542,cell0543.png,1,0,0,0,0,0
543,cell0544.png,1,0,0,0,0,0
544,cell0545.png,1,0,0,0,0,0
545,cell0546.png,0,0,0,0,0,1
546,cell0547.png,1,0,0,0,0,0
547,cell0548.png,1,0,0,0,0,0
548,cell0549.png,1,0,0,0,0,0
549,cell0550.png,1,0,0,0,0,0
550,cell0551.png,1,0,0,0,0,0
551,cell0552.png,1,0,0,0,0,0
552,cell0553.png,1,0,0,0,0,0
553,cell0554.png,1,0,0,0,0,0
554,cell0555.png,0,0,0,0,0,1
555,cell0556.png,1,0,0,0,0,0
556,cell0557.png,0,0,0,0,0,1
557,cell0558.png,1,0,0,0,0,0
558,cell0559.png,1,0,0,0,0,0
559,cell0560.png,1,0,0,0,0,0
560,cell0561.png,1,0,0,0,0,0
561,cell0562.png,0,0,0,0,0,1
562,cell0563.png,1,0,0,0,0,0
563,cell0564.png,0,0,0,1,0,0
564,cell0565.png,1,0,0,0,0,0
565,cell0566.png,1,0,0,0,0,0
566,cell0567.png,1,0,0,0,0,0
567,cell0568.png,1,0,0,0,0,0
568,cell0569.png,1,0,0,0,0,0
569,cell0570.png,1,0,0,0,0,0
570,cell0571.png,1,0,0,0,0,0
571,cell0572.png,1,0,0,0,0,0
572,cell0573.png,1,0,0,0,0,0
573,cell0574.png,1,0,0,0,0,0
574,cell0575.png,1,0,0,0,0,0
575,cell0576.png,0,0,0,0,0,1
576,cell0577.png,0,1,0,0,0,0
577,cell0578.png,0,1,0,0,0,0
578,cell0579.png,0,1,0,0,0,0
579,cell0580.png,1,0,0,0,0,0
580,cell0581.png,1,0,0,0,0,0
581,cell0582.png,1,0,0,0,0,0
582,cell0583.png,1,0,0,0,0,0
583,cell0584.png,1,0,0,0,0,0
584,cell0585.png,1,0,0,0,0,0
585,cell0586.png,1,0,0,0,0,0
586,cell0587.png,0,0,0,0,0,1
587,cell0588.png,1,0,0,0,0,0
588,cell0589.png,1,0,0,0,0,0
589,cell0590.png,1,0,0,0,0,0
590,cell0591.png,1,0,0,0,0,0
591,cell0592.png,0,0,0,0,0,1
592,cell0593.png,0,0,0,0,0,1
593,cell0594.png,1,0,0,0,0,0
594,cell0595.png,0,0,0,0,0,1
595,cell0596.png,1,0,0,0,0,0
596,cell0597.png,0,0,0,0,0,1
597,cell0598.png,1,0,0,0,0,0
598,cell0599.png,1,0,0,0,0,0
599,cell0600.png,1,0,0,0,0,0
600,cell0601.png,0,0,1,0,0,0
601,cell0602.png,0,0,1,0,0,0
602,cell0603.png,0,0,1,0,0,0
603,cell0604.png,0,0,1,0,0,0
604,cell0605.png,0,1,0,0,0,0
605,cell0606.png,0,0,1,0,0,0
606,cell0607.png,0,0,1,0,0,0
607,cell0608.png,0,1,0,0,1,0
608,cell0609.png,0,1,0,0,0,0
609,cell0610.png,1,0,0,0,0,0
610,cell0611.png,0,1,0,0,0,0
611,cell0612.png,0,1,0,0,0,0
612,cell0613.png,0,0,0,0,0,1
613,cell0614.png,0,1,0,0,0,0
614,cell0615.png,0,1,0,0,0,0
615,cell0616.png,0,0,1,0,0,0
616,cell0617.png,0,1,0,0,0,0
617,cell0618.png,0,1,0,0,0,0
618,cell0619.png,1,0,0,0,0,0
619,cell0620.png,0,1,0,0,0,0
620,cell0621.png,1,0,0,0,0,0
621,cell0622.png,1,0,0,0,0,0
622,cell0623.png,1,0,0,0,0,0
623,cell0624.png,1,0,0,0,0,0
624,cell0625.png,0,0,0,0,0,1
625,cell0626.png,0,1,0,0,1,0
626,cell0627.png,0,0,0,0,0,1
627,cell0628.png,0,0,0,0,0,1
628,cell0629.png,0,0,0,0,0,1
629,cell0630.png,0,0,0,0,0,1
630,cell0631.png,0,0,0,1,0,0
631,cell0632.png,0,0,0,0,0,1
632,cell0633.png,1,0,0,0,0,0
633,cell0634.png,0,1,0,0,0,0
634,cell0635.png,1,0,0,0,0,0
635,cell0636.png,0,1,0,0,0,0
636,cell0637.png,1,0,0,0,0,0
637,cell0638.png,1,0,0,0,0,0
638,cell0639.png,0,1,0,0,0,0
639,cell0640.png,0,1,0,0,0,0
640,cell0641.png,0,0,0,1,0,0
641,cell0642.png,0,1,0,0,1,0
642,cell0643.png,0,0,0,1,0,0
643,cell0644.png,0,0,0,0,0,1
644,cell0645.png,0,1,0,0,0,0
645,cell0646.png,0,0,0,1,0,0
646,cell0647.png,1,0,0,0,0,0
647,cell0648.png,1,0,0,0,0,0
648,cell0649.png,1,0,0,0,0,0
649,cell0650.png,1,0,0,0,0,0
650,cell0651.png,1,0,0,0,0,0
651,cell0652.png,0,1,0,0,1,0
652,cell0653.png,1,0,0,0,0,0
653,cell0654.png,0,1,0,0,0,0
654,cell0655.png,1,0,0,0,0,0
655,cell0656.png,1,0,0,0,0,0
656,cell0657.png,1,0,0,0,0,0
657,cell0658.png,1,0,0,0,0,0
658,cell0659.png,1,0,0,0,0,0
659,cell0660.png,0,1,0,0,0,0
660,cell0661.png,0,0,1,0,0,0
661,cell0662.png,0,1,0,0,0,0
662,cell0663.png,0,1,0,0,0,0
663,cell0664.png,1,0,0,0,0,0
664,cell0665.png,1,0,0,0,0,0
665,cell0666.png,0,1,0,0,0,0
666,cell0667.png,0,1,0,0,0,0
667,cell0668.png,0,1,0,0,0,0
668,cell0669.png,0,0,0,0,0,1
669,cell0670.png,0,0,0,0,0,1
670,cell0671.png,0,1,0,0,0,0
671,cell0672.png,0,1,0,0,0,0
672,cell0673.png,0,1,0,0,0,0
673,cell0674.png,0,1,0,0,0,0
674,cell0675.png,0,1,0,0,0,0
675,cell0676.png,1,0,0,0,0,0
676,cell0677.png,0,0,0,0,0,1
677,cell0678.png,0,1,0,0,0,0
678,cell0679.png,1,0,0,0,0,0
679,cell0680.png,0,0,0,0,0,1
680,cell0681.png,1,0,0,0,0,0
681,cell0682.png,0,1,0,0,0,0
682,cell0683.png,0,0,0,0,0,1
683,cell0684.png,0,0,0,0,0,1
684,cell0685.png,0,0,0,0,1,0
685,cell0686.png,0,1,0,0,0,0
686,cell0687.png,0,0,0,0,0,1
687,cell0688.png,1,0,0,0,0,0
688,cell0689.png,0,0,0,0,0,1
689,cell0690.png,1,0,0,0,0,0
690,cell0691.png,0,1,0,0,0,0
691,cell0692.png,1,0,0,0,0,0
692,cell0693.png,0,1,0,0,0,0
693,cell0694.png,0,1,0,0,0,0
694,cell0695.png,0,1,0,0,0,0
695,cell0696.png,0,1,0,0,0,0
696,cell0697.png,1,0,0,0,0,0
697,cell0698.png,1,0,0,0,0,0
698,cell0699.png,0,1,0,0,1,0
699,cell0700.png,0,1,0,0,0,0
700,cell0701.png,0,1,0,0,0,0
701,cell0702.png,0,0,0,1,0,0
702,cell0703.png,0,0,0,0,0,1
703,cell0704.png,1,0,0,0,0,0
704,cell0705.png,1,0,0,0,0,0
705,cell0706.png,0,0,0,0,0,1
706,cell0707.png,0,0,0,0,0,1
707,cell0708.png,0,1,0,0,0,0
708,cell0709.png,1,0,0,0,0,0
709,cell0710.png,0,0,0,0,0,1
710,cell0711.png,0,0,0,0,0,1
711,cell0712.png,0,0,0,0,0,1
712,cell0713.png,0,1,0,0,0,0
713,cell0714.png,0,0,0,0,0,1
714,cell0715.png,0,1,0,0,0,0
715,cell0716.png,1,0,0,0,0,0
716,cell0717.png,1,0,0,0,0,0
717,cell0718.png,1,0,0,0,0,0
718,cell0719.png,1,0,0,0,0,0
719,cell0720.png,1,0,0,0,0,0
720,cell0721.png,1,0,0,0,0,0
721,cell0722.png,1,0,0,0,0,0
722,cell0723.png,1,0,0,0,0,0
723,cell0724.png,1,0,0,0,0,0
724,cell0725.png,1,0,0,0,0,0
725,cell0726.png,1,0,0,0,0,0
726,cell0727.png,1,0,0,0,0,0
727,cell0728.png,1,0,0,0,0,0
728,cell0729.png,1,0,0,0,0,0
729,cell0730.png,1,0,0,0,0,0
730,cell0731.png,0,0,0,0,0,1
731,cell0732.png,0,1,0,0,0,0
732,cell0733.png,1,0,0,0,0,0
733,cell0734.png,1,0,0,0,0,0
734,cell0735.png,1,0,0,0,0,0
735,cell0736.png,1,0,0,0,0,0
736,cell0737.png,1,0,0,0,0,0
737,cell0738.png,0,1,0,0,0,0
738,cell0739.png,1,0,0,0,0,0
739,cell0740.png,0,1,0,0,0,0
740,cell0741.png,0,1,0,0,0,0
741,cell0742.png,0,1,0,0,0,0
742,cell0743.png,0,1,0,0,0,0
743,cell0744.png,0,1,0,0,0,0
744,cell0745.png,1,0,0,0,0,0
745,cell0746.png,1,0,0,0,0,0
746,cell0747.png,1,0,0,0,0,0
747,cell0748.png,0,1,0,0,0,0
748,cell0749.png,1,0,0,0,0,0
749,cell0750.png,1,0,0,0,0,0
750,cell0751.png,1,0,0,0,0,0
751,cell0752.png,1,0,0,0,0,0
752,cell0753.png,1,0,0,0,0,0
753,cell0754.png,1,0,0,0,0,0
754,cell0755.png,1,0,0,0,0,0
755,cell0756.png,1,0,0,0,0,0
756,cell0757.png,0,1,0,0,0,0
757,cell0758.png,0,1,0,0,0,0
758,cell0759.png,0,1,0,0,0,0
759,cell0760.png,0,0,0,0,0,1
760,cell0761.png,1,0,0,0,0,0
761,cell0762.png,0,1,0,0,0,0
762,cell0763.png,1,0,0,0,0,0
763,cell0764.png,1,0,0,0,0,0
764,cell0765.png,1,0,0,0,0,0
765,cell0766.png,1,0,0,0,0,0
766,cell0767.png,1,0,0,0,0,0
767,cell0768.png,1,0,0,0,0,0
768,cell0769.png,1,0,0,0,0,0
769,cell0770.png,1,0,0,0,0,0
770,cell0771.png,1,0,0,0,0,0
771,cell0772.png,1,0,0,0,0,0
772,cell0773.png,0,1,0,0,0,0
773,cell0774.png,1,0,0,0,0,0
774,cell0775.png,1,0,0,0,0,0
775,cell0776.png,1,0,0,0,0,0
776,cell0777.png,0,1,0,0,0,0
777,cell0778.png,1,0,0,0,0,0
778,cell0779.png,1,0,0,0,0,0
779,cell0780.png,1,0,0,0,0,0
780,cell0781.png,0,1,0,0,0,0
781,cell0782.png,0,0,1,0,0,0
782,cell0783.png,0,0,0,0,0,1
783,cell0784.png,1,0,0,0,0,0
784,cell0785.png,1,0,0,0,0,0
785,cell0786.png,0,0,0,0,0,1
786,cell0787.png,0,1,0,0,0,0
787,cell0788.png,0,1,0,0,0,0
788,cell0789.png,1,0,0,0,0,0
789,cell0790.png,0,0,0,0,0,1
790,cell0791.png,0,0,0,0,1,0
791,cell0792.png,0,0,0,0,1,0
792,cell0793.png,0,1,0,0,1,0
793,cell0794.png,0,1,0,0,1,0
794,cell0795.png,0,0,0,0,1,0
795,cell0796.png,0,0,0,0,1,0
796,cell0797.png,0,0,0,0,1,0
797,cell0798.png,0,0,0,0,0,1
798,cell0799.png,0,0,0,0,1,0
799,cell0800.png,0,1,0,0,1,0
800,cell0801.png,1,0,0,0,0,0
801,cell0802.png,0,1,0,0,1,0
802,cell0803.png,1,0,0,0,0,0
803,cell0804.png,0,0,0,1,0,0
804,cell0805.png,1,0,0,0,0,0
805,cell0806.png,0,1,0,0,0,0
806,cell0807.png,0,0,0,0,1,0
807,cell0808.png,1,0,0,0,0,0
808,cell0809.png,1,0,0,0,0,0
809,cell0810.png,1,0,0,0,0,0
810,cell0811.png,1,0,0,0,0,0
811,cell0812.png,0,0,0,0,1,0
812,cell0813.png,1,0,0,0,0,0
813,cell0814.png,1,0,0,0,0,0
814,cell0815.png,1,0,0,0,0,0
815,cell0816.png,0,0,0,0,1,0
816,cell0817.png,0,0,1,0,1,0
817,cell0818.png,0,0,0,0,1,0
818,cell0819.png,1,0,0,0,0,0
819,cell0820.png,1,0,0,0,0,0
820,cell0821.png,0,1,0,0,0,0
821,cell0822.png,1,0,0,0,0,0
822,cell0823.png,1,0,0,0,0,0
823,cell0824.png,1,0,0,0,0,0
824,cell0825.png,1,0,0,0,0,0
825,cell0826.png,1,0,0,0,0,0
826,cell0827.png,1,0,0,0,0,0
827,cell0828.png,1,0,0,0,0,0
828,cell0829.png,1,0,0,0,0,0
829,cell0830.png,1,0,0,0,0,0
830,cell0831.png,1,0,0,0,0,0
831,cell0832.png,1,0,0,0,0,0
832,cell0833.png,1,0,0,0,0,0
833,cell0834.png,0,1,0,0,0,0
834,cell0835.png,0,1,0,0,0,0
835,cell0836.png,0,0,0,0,1,0
836,cell0837.png,0,1,0,0,1,0
837,cell0838.png,0,0,0,0,1,0
838,cell0839.png,1,0,0,0,0,0
839,cell0840.png,1,0,0,0,0,0
840,cell0841.png,0,1,0,0,0,0
841,cell0842.png,0,1,0,0,1,0
842,cell0843.png,0,1,0,0,0,0
843,cell0844.png,1,0,0,0,0,0
844,cell0845.png,1,0,0,0,0,0
845,cell0846.png,1,0,0,0,0,0
846,cell0847.png,1,0,0,0,0,0
847,cell0848.png,1,0,0,0,0,0
848,cell0849.png,1,0,0,0,0,0
849,cell0850.png,1,0,0,0,0,0
850,cell0851.png,0,1,0,0,1,0
851,cell0852.png,0,1,0,0,0,0
852,cell0853.png,0,1,0,0,0,0
853,cell0854.png,0,1,0,0,0,0
854,cell0855.png,0,1,0,0,0,0
855,cell0856.png,0,0,0,0,1,0
856,cell0857.png,0,1,0,0,0,0
857,cell0858.png,0,1,0,0,1,0
858,cell0859.png,0,1,0,0,0,0
859,cell0860.png,0,1,0,0,1,0
860,cell0861.png,0,1,0,0,0,0
861,cell0862.png,0,1,0,0,0,0
862,cell0863.png,0,1,0,0,0,0
863,cell0864.png,0,1,0,0,0,0
864,cell0865.png,0,1,0,0,0,0
865,cell0866.png,0,0,0,0,1,0
866,cell0867.png,0,1,0,0,0,0
867,cell0868.png,0,1,0,0,0,0
868,cell0869.png,0,0,1,0,0,0
869,cell0870.png,0,1,0,0,0,0
870,cell0871.png,0,1,0,0,0,0
871,cell0872.png,0,0,0,0,1,0
872,cell0873.png,0,1,0,0,0,0
873,cell0874.png,0,1,0,0,0,0
874,cell0875.png,0,1,0,0,0,0
875,cell0876.png,0,1,0,0,0,0
876,cell0877.png,0,1,0,0,0,0
877,cell0878.png,0,1,0,0,0,0
878,cell0879.png,0,0,1,0,0,0
879,cell0880.png,0,1,0,0,0,0
880,cell0881.png,0,1,0,0,0,0
881,cell0882.png,0,0,1,0,0,0
882,cell0883.png,0,1,0,0,0,0
883,cell0884.png,0,1,0,0,0,0
884,cell0885.png,0,1,0,0,0,0
885,cell0886.png,0,1,0,0,0,0
886,cell0887.png,0,1,0,0,1,0
887,cell0888.png,0,1,0,0,0,0
888,cell0889.png,0,0,1,0,0,0
889,cell0890.png,0,0,1,0,0,0
890,cell0891.png,0,1,0,0,0,0
891,cell0892.png,0,1,0,0,0,0
892,cell0893.png,0,0,0,0,0,1
893,cell0894.png,0,0,0,0,1,0
894,cell0895.png,0,0,0,0,0,1
895,cell0896.png,0,0,0,0,1,0
896,cell0897.png,0,0,1,0,0,0
897,cell0898.png,0,1,0,0,1,0
898,cell0899.png,0,1,0,0,0,0
899,cell0900.png,0,1,0,0,0,0
900,cell0901.png,1,0,0,0,0,0
901,cell0902.png,1,0,0,0,0,0
902,cell0903.png,1,0,0,0,0,0
903,cell0904.png,1,0,0,0,0,0
904,cell0905.png,1,0,0,0,0,0
905,cell0906.png,1,0,0,0,0,0
906,cell0907.png,1,0,0,0,0,0
907,cell0908.png,1,0,0,0,0,0
908,cell0909.png,1,0,0,0,0,0
909,cell0910.png,1,0,0,0,0,0
910,cell0911.png,0,0,0,0,0,1
911,cell0912.png,0,1,0,0,0,0
912,cell0913.png,1,0,0,0,0,0
913,cell0914.png,1,0,0,0,0,0
914,cell0915.png,0,1,0,0,0,0
915,cell0916.png,0,0,0,0,0,1
916,cell0917.png,1,0,0,0,0,0
917,cell0918.png,1,0,0,0,0,0
918,cell0919.png,1,0,0,0,0,0
919,cell0920.png,1,0,0,0,0,0
920,cell0921.png,0,0,0,1,0,0
921,cell0922.png,1,0,0,0,0,0
922,cell0923.png,1,0,0,0,0,0
923,cell0924.png,1,0,0,0,0,0
924,cell0925.png,1,0,0,0,0,0
925,cell0926.png,1,0,0,0,0,0
926,cell0927.png,1,0,0,0,0,0
927,cell0928.png,1,0,0,0,0,0
928,cell0929.png,1,0,0,0,0,0
929,cell0930.png,1,0,0,0,0,0
930,cell0931.png,1,0,0,0,0,0
931,cell0932.png,1,0,0,0,0,0
932,cell0933.png,1,0,0,0,0,0
933,cell0934.png,1,0,0,0,0,0
934,cell0935.png,1,0,0,0,0,0
935,cell0936.png,0,1,0,0,0,0
936,cell0937.png,1,0,0,0,0,0
937,cell0938.png,1,0,0,0,0,0
938,cell0939.png,1,0,0,0,0,0
939,cell0940.png,1,0,0,0,0,0
940,cell0941.png,1,0,0,0,0,0
941,cell0942.png,1,0,0,0,0,0
942,cell0943.png,1,0,0,0,0,0
943,cell0944.png,1,0,0,0,0,0
944,cell0945.png,1,0,0,0,0,0
945,cell0946.png,1,0,0,0,0,0
946,cell0947.png,1,0,0,0,0,0
947,cell0948.png,1,0,0,0,0,0
948,cell0949.png,1,0,0,0,0,0
949,cell0950.png,0,0,0,1,0,0
950,cell0951.png,1,0,0,0,0,0
951,cell0952.png,1,0,0,0,0,0
952,cell0953.png,1,0,0,0,0,0
953,cell0954.png,1,0,0,0,0,0
954,cell0955.png,1,0,0,0,0,0
955,cell0956.png,1,0,0,0,0,0
956,cell0957.png,1,0,0,0,0,0
957,cell0958.png,0,0,0,0,1,0
958,cell0959.png,1,0,0,0,0,0
959,cell0960.png,1,0,0,0,0,0
960,cell0961.png,1,0,0,0,0,0
961,cell0962.png,1,0,0,0,0,0
962,cell0963.png,1,0,0,0,0,0
963,cell0964.png,1,0,0,0,0,0
964,cell0965.png,1,0,0,0,0,0
965,cell0966.png,1,0,0,0,0,0
966,cell0967.png,1,0,0,0,0,0
967,cell0968.png,1,0,0,0,0,0
968,cell0969.png,1,0,0,0,0,0
969,cell0970.png,0,0,0,0,0,1
970,cell0971.png,1,0,0,0,0,0
971,cell0972.png,1,0,0,0,0,0
972,cell0973.png,1,0,0,0,0,0
973,cell0974.png,1,0,0,0,0,0
974,cell0975.png,1,0,0,0,0,0
975,cell0976.png,0,0,0,0,0,1
976,cell0977.png,1,0,0,0,0,0
977,cell0978.png,0,0,0,0,1,0
978,cell0979.png,0,0,0,0,0,1
979,cell0980.png,1,0,0,0,0,0
980,cell0981.png,1,0,0,0,0,0
981,cell0982.png,1,0,0,0,0,0
982,cell0983.png,1,0,0,0,0,0
983,cell0984.png,1,0,0,0,0,0
984,cell0985.png,1,0,0,0,0,0
985,cell0986.png,1,0,0,0,0,0
986,cell0987.png,0,0,0,0,0,1
987,cell0988.png,1,0,0,0,0,0
988,cell0989.png,1,0,0,0,0,0
989,cell0990.png,1,0,0,0,0,0
990,cell0991.png,1,0,0,0,0,0
991,cell0992.png,1,0,0,0,0,0
992,cell0993.png,1,0,0,0,0,0
993,cell0994.png,0,0,0,0,1,0
994,cell0995.png,1,0,0,0,0,0
995,cell0996.png,0,0,0,0,0,1
996,cell0997.png,1,0,0,0,0,0
997,cell0998.png,0,0,0,0,0,1
998,cell0999.png,1,0,0,0,0,0
999,cell1000.png,1,0,0,0,0,0
1000,cell1001.png,1,0,0,0,0,0
1001,cell1002.png,1,0,0,0,0,0
1002,cell1003.png,0,0,0,0,1,0
1003,cell1004.png,1,0,0,0,0,0
1004,cell1005.png,1,0,0,0,0,0
1005,cell1006.png,1,0,0,0,0,0
1006,cell1007.png,0,0,0,0,0,1
1007,cell1008.png,0,0,0,0,0,1
1008,cell1009.png,1,0,0,0,0,0
1009,cell1010.png,1,0,0,0,0,0
1010,cell1011.png,0,0,0,0,0,1
1011,cell1012.png,1,0,0,0,0,0
1012,cell1013.png,1,0,0,0,0,0
1013,cell1014.png,1,0,0,0,0,0
1014,cell1015.png,1,0,0,0,0,0
1015,cell1016.png,1,0,0,0,0,0
1016,cell1017.png,1,0,0,0,0,0
1017,cell1018.png,1,0,0,0,0,0
1018,cell1019.png,1,0,0,0,0,0
1019,cell1020.png,1,0,0,0,0,0
1020,cell1021.png,1,0,0,0,0,0
1021,cell1022.png,0,1,0,0,0,0
1022,cell1023.png,1,0,0,0,0,0
1023,cell1024.png,1,0,0,0,0,0
1024,cell1025.png,0,0,0,0,0,1
1025,cell1026.png,0,0,0,0,0,1
1026,cell1027.png,1,0,0,0,0,0
1027,cell1028.png,0,0,0,0,0,1
1028,cell1029.png,1,0,0,0,0,0
1029,cell1030.png,0,1,0,0,0,0
1030,cell1031.png,1,0,0,0,0,0
1031,cell1032.png,0,0,0,0,0,1
1032,cell1033.png,0,1,0,0,0,0
1033,cell1034.png,1,0,0,0,0,0
1034,cell1035.png,1,0,0,0,0,0
1035,cell1036.png,0,0,0,0,0,1
1036,cell1037.png,1,0,0,0,0,0
1037,cell1038.png,1,0,0,0,0,0
1038,cell1039.png,1,0,0,0,0,0
1039,cell1040.png,1,0,0,0,0,0
1040,cell1041.png,0,0,0,0,0,1
1041,cell1042.png,0,0,0,0,1,0
1042,cell1043.png,0,1,0,0,0,0
1043,cell1044.png,0,1,0,0,0,0
1044,cell1045.png,0,0,0,0,0,1
1045,cell1046.png,0,1,0,0,0,0
1046,cell1047.png,1,0,0,0,0,0
1047,cell1048.png,0,0,0,0,0,1
1048,cell1049.png,0,1,0,0,0,0
1049,cell1050.png,0,1,0,0,0,0
1050,cell1051.png,1,0,0,0,0,0
1051,cell1052.png,1,0,0,0,0,0
1052,cell1053.png,0,1,0,0,0,0
1053,cell1054.png,0,0,0,0,1,0
1054,cell1055.png,0,1,0,0,0,0
1055,cell1056.png,0,0,0,0,0,1
1056,cell1057.png,1,0,0,0,0,0
1057,cell1058.png,1,0,0,0,0,0
1058,cell1059.png,0,0,0,0,0,1
1059,cell1060.png,1,0,0,0,0,0
1060,cell1061.png,0,1,0,0,0,0
1061,cell1062.png,1,0,0,0,0,0
1062,cell1063.png,1,0,0,0,0,0
1063,cell1064.png,0,0,0,0,0,1
1064,cell1065.png,0,1,0,0,0,0
1065,cell1066.png,1,0,0,0,0,0
1066,cell1067.png,1,0,0,0,0,0
1067,cell1068.png,1,0,0,0,0,0
1068,cell1069.png,0,0,0,0,0,1
1069,cell1070.png,1,0,0,0,0,0
1070,cell1071.png,0,0,0,0,0,1
1071,cell1072.png,1,0,0,0,0,0
1072,cell1073.png,0,0,0,0,0,1
1073,cell1074.png,0,0,0,0,0,1
1074,cell1075.png,0,1,0,0,0,0
1075,cell1076.png,1,0,0,0,0,0
1076,cell1077.png,1,0,0,0,0,0
1077,cell1078.png,1,0,0,0,0,0
1078,cell1079.png,0,0,0,0,0,1
1079,cell1080.png,0,1,0,0,0,0
1080,cell1081.png,1,0,0,0,0,0
1081,cell1082.png,0,0,0,0,0,1
1082,cell1083.png,1,0,0,0,0,0
1083,cell1084.png,1,0,0,0,0,0
1084,cell1085.png,0,0,0,0,0,1
1085,cell1086.png,0,0,0,0,0,1
1086,cell1087.png,0,0,0,0,0,1
1087,cell1088.png,0,1,0,0,0,0
1088,cell1089.png,1,0,0,0,0,0
1089,cell1090.png,0,0,0,0,0,1
1090,cell1091.png,1,0,0,0,0,0
1091,cell1092.png,1,0,0,0,0,0
1092,cell1093.png,1,0,0,0,0,0
1093,cell1094.png,1,0,0,0,0,0
1094,cell1095.png,0,1,0,0,0,0
1095,cell1096.png,1,0,0,0,0,0
1096,cell1097.png,0,1,0,0,1,0
1097,cell1098.png,0,1,0,0,0,0
1098,cell1099.png,0,0,0,0,0,1
1099,cell1100.png,0,0,0,0,0,1
1100,cell1101.png,0,0,0,0,0,1
1101,cell1102.png,1,0,0,0,0,0
1102,cell1103.png,0,0,0,1,0,0
1103,cell1104.png,0,0,0,0,0,1
1104,cell1105.png,1,0,0,0,0,0
1105,cell1106.png,1,0,0,0,0,0
1106,cell1107.png,1,0,0,0,0,0
1107,cell1108.png,0,1,0,0,0,0
1108,cell1109.png,0,1,0,0,0,0
1109,cell1110.png,1,0,0,0,0,0
1110,cell1111.png,1,0,0,0,0,0
1111,cell1112.png,1,0,0,0,0,0
1112,cell1113.png,1,0,0,0,0,0
1113,cell1114.png,1,0,0,0,0,0
1114,cell1115.png,1,0,0,0,0,0
1115,cell1116.png,1,0,0,0,0,0
1116,cell1117.png,1,0,0,0,0,0
1117,cell1118.png,1,0,0,0,0,0
1118,cell1119.png,1,0,0,0,0,0
1119,cell1120.png,1,0,0,0,0,0
1120,cell1121.png,0,0,0,0,0,1
1121,cell1122.png,0,0,0,0,0,1
1122,cell1123.png,0,0,0,0,0,1
1123,cell1124.png,0,0,0,0,0,1
1124,cell1125.png,0,0,0,0,0,1
1125,cell1126.png,1,0,0,0,0,0
1126,cell1127.png,0,0,0,0,0,1
1127,cell1128.png,0,1,0,0,0,0
1128,cell1129.png,1,0,0,0,0,0
1129,cell1130.png,0,0,0,0,0,1
1130,cell1131.png,1,0,0,0,0,0
1131,cell1132.png,0,0,0,0,1,0
1132,cell1133.png,1,0,0,0,0,0
1133,cell1134.png,1,0,0,0,0,0
1134,cell1135.png,1,0,0,0,0,0
1135,cell1136.png,1,0,0,0,0,0
1136,cell1137.png,1,0,0,0,0,0
1137,cell1138.png,1,0,0,0,0,0
1138,cell1139.png,1,0,0,0,0,0
1139,cell1140.png,1,0,0,0,0,0
1140,cell1141.png,0,0,0,1,0,0
1141,cell1142.png,0,1,0,0,0,0
1142,cell1143.png,0,1,0,0,0,0
1143,cell1144.png,1,0,0,0,0,0
1144,cell1145.png,1,0,0,0,0,0
1145,cell1146.png,0,0,0,0,0,1
1146,cell1147.png,0,0,0,0,0,1
1147,cell1148.png,1,0,0,0,0,0
1148,cell1149.png,1,0,0,0,0,0
1149,cell1150.png,1,0,0,0,0,0
1150,cell1151.png,0,0,0,1,0,0
1151,cell1152.png,1,0,0,0,0,0
1152,cell1153.png,1,0,0,0,0,0
1153,cell1154.png,1,0,0,0,0,0
1154,cell1155.png,1,0,0,0,0,0
1155,cell1156.png,1,0,0,0,0,0
1156,cell1157.png,1,0,0,0,0,0
1157,cell1158.png,1,0,0,0,0,0
1158,cell1159.png,0,0,0,0,1,0
1159,cell1160.png,0,0,0,0,0,1
1160,cell1161.png,0,0,0,1,0,0
1161,cell1162.png,0,0,0,1,0,0
1162,cell1163.png,0,0,0,0,0,1
1163,cell1164.png,1,0,0,0,0,0
1164,cell1165.png,1,0,0,0,0,0
1165,cell1166.png,1,0,0,0,0,0
1166,cell1167.png,1,0,0,0,0,0
1167,cell1168.png,0,0,0,0,1,0
1168,cell1169.png,0,0,0,0,1,0
1169,cell1170.png,1,0,0,0,0,0
1170,cell1171.png,1,0,0,0,0,0
1171,cell1172.png,0,0,0,0,0,1
1172,cell1173.png,0,0,0,0,0,1
1173,cell1174.png,0,0,0,0,0,1
1174,cell1175.png,0,0,0,0,0,1
1175,cell1176.png,1,0,0,0,0,0
1176,cell1177.png,0,0,0,1,0,0
1177,cell1178.png,1,0,0,0,0,0
1178,cell1179.png,0,1,0,0,0,0
1179,cell1180.png,1,0,0,0,0,0
1180,cell1181.png,1,0,0,0,0,0
1181,cell1182.png,0,0,0,0,0,1
1182,cell1183.png,1,0,0,0,0,0
1183,cell1184.png,1,0,0,0,0,0
1184,cell1185.png,1,0,0,0,0,0
1185,cell1186.png,1,0,0,0,0,0
1186,cell1187.png,0,0,0,0,0,1
1187,cell1188.png,0,0,0,0,0,1
1188,cell1189.png,0,0,0,0,0,1
1189,cell1190.png,0,0,0,0,0,1
1190,cell1191.png,1,0,0,0,0,0
1191,cell1192.png,1,0,0,0,0,0
1192,cell1193.png,1,0,0,0,0,0
1193,cell1194.png,1,0,0,0,0,0
1194,cell1195.png,0,0,0,0,0,1
1195,cell1196.png,0,0,0,0,1,0
1196,cell1197.png,0,0,0,0,1,0
1197,cell1198.png,1,0,0,0,0,0
1198,cell1199.png,1,0,0,0,0,0
1199,cell1200.png,1,0,0,0,0,0
1200,cell1201.png,1,0,0,0,0,0
1201,cell1202.png,1,0,0,0,0,0
1202,cell1203.png,1,0,0,0,0,0
1203,cell1204.png,0,0,0,0,1,0
1204,cell1205.png,1,0,0,0,0,0
1205,cell1206.png,1,0,0,0,0,0
1206,cell1207.png,1,0,0,0,0,0
1207,cell1208.png,1,0,0,0,0,0
1208,cell1209.png,0,0,0,0,0,1
1209,cell1210.png,1,0,0,0,0,0
1210,cell1211.png,1,0,0,0,0,0
1211,cell1212.png,1,0,0,0,0,0
1212,cell1213.png,1,0,0,0,0,0
1213,cell1214.png,1,0,0,0,0,0
1214,cell1215.png,1,0,0,0,0,0
1215,cell1216.png,1,0,0,0,0,0
1216,cell1217.png,1,0,0,0,0,0
1217,cell1218.png,1,0,0,0,0,0
1218,cell1219.png,0,0,0,0,0,1
1219,cell1220.png,0,0,0,1,0,0
1220,cell1221.png,0,0,0,1,0,0
1221,cell1222.png,0,0,0,0,1,0
1222,cell1223.png,0,0,0,1,0,0
1223,cell1224.png,0,0,0,1,0,0
1224,cell1225.png,1,0,0,0,0,0
1225,cell1226.png,1,0,0,0,0,0
1226,cell1227.png,1,0,0,0,0,0
1227,cell1228.png,1,0,0,0,0,0
1228,cell1229.png,1,0,0,0,0,0
1229,cell1230.png,1,0,0,0,0,0
1230,cell1231.png,1,0,0,0,0,0
1231,cell1232.png,1,0,0,0,0,0
1232,cell1233.png,1,0,0,0,0,0
1233,cell1234.png,1,0,0,0,0,0
1234,cell1235.png,1,0,0,0,0,0
1235,cell1236.png,1,0,0,0,0,0
1236,cell1237.png,1,0,0,0,0,0
1237,cell1238.png,1,0,0,0,0,0
1238,cell1239.png,1,0,0,0,0,0
1239,cell1240.png,1,0,0,0,0,0
1240,cell1241.png,1,0,0,0,0,0
1241,cell1242.png,0,0,0,0,1,0
1242,cell1243.png,0,0,0,0,0,1
1243,cell1244.png,1,0,0,0,0,0
1244,cell1245.png,1,0,0,0,0,0
1245,cell1246.png,1,0,0,0,0,0
1246,cell1247.png,1,0,0,0,0,0
1247,cell1248.png,1,0,0,0,0,0
1248,cell1249.png,1,0,0,0,0,0
1249,cell1250.png,1,0,0,0,0,0
1250,cell1251.png,1,0,0,0,0,0
1251,cell1252.png,1,0,0,0,0,0
1252,cell1253.png,1,0,0,0,0,0
1253,cell1254.png,1,0,0,0,0,0
1254,cell1255.png,1,0,0,0,0,0
1255,cell1256.png,1,0,0,0,0,0
1256,cell1257.png,1,0,0,0,0,0
1257,cell1258.png,1,0,0,0,0,0
1258,cell1259.png,0,0,0,0,0,1
1259,cell1260.png,1,0,0,0,0,0
1260,cell1261.png,1,0,0,0,0,0
1261,cell1262.png,1,0,0,0,0,0
1262,cell1263.png,1,0,0,0,0,0
1263,cell1264.png,0,0,0,0,0,1
1264,cell1265.png,1,0,0,0,0,0
1265,cell1266.png,1,0,0,0,0,0
1266,cell1267.png,0,1,0,0,0,0
1267,cell1268.png,1,0,0,0,0,0
1268,cell1269.png,1,0,0,0,0,0
1269,cell1270.png,1,0,0,0,0,0
1270,cell1271.png,1,0,0,0,0,0
1271,cell1272.png,1,0,0,0,0,0
1272,cell1273.png,1,0,0,0,0,0
1273,cell1274.png,1,0,0,0,0,0
1274,cell1275.png,1,0,0,0,0,0
1275,cell1276.png,1,0,0,0,0,0
1276,cell1277.png,1,0,0,0,0,0
1277,cell1278.png,1,0,0,0,0,0
1278,cell1279.png,0,0,0,0,0,1
1279,cell1280.png,0,0,0,0,0,1
1280,cell1281.png,0,0,0,0,0,1
1281,cell1282.png,0,0,0,0,0,1
1282,cell1283.png,0,0,0,0,0,1
1283,cell1284.png,0,0,0,0,0,1
1284,cell1285.png,1,0,0,0,0,0
1285,cell1286.png,1,0,0,0,0,0
1286,cell1287.png,1,0,0,0,0,0
1287,cell1288.png,1,0,0,0,0,0
1288,cell1289.png,1,0,0,0,0,0
1289,cell1290.png,1,0,0,0,0,0
1290,cell1291.png,1,0,0,0,0,0
1291,cell1292.png,1,0,0,0,0,0
1292,cell1293.png,1,0,0,0,0,0
1293,cell1294.png,1,0,0,0,0,0
1294,cell1295.png,0,0,0,0,0,1
1295,cell1296.png,0,0,0,0,0,1
1296,cell1297.png,0,0,0,0,0,1
1297,cell1298.png,0,0,0,0,0,1
1298,cell1299.png,0,0,0,0,0,1
1299,cell1300.png,0,0,0,0,0,1
1300,cell1301.png,0,0,0,0,0,1
1301,cell1302.png,0,0,0,0,0,1
1302,cell1303.png,0,1,0,0,0,0
1303,cell1304.png,0,0,0,0,0,1
1304,cell1305.png,1,0,0,0,0,0
1305,cell1306.png,0,1,0,0,0,0
1306,cell1307.png,1,0,0,0,0,0
1307,cell1308.png,0,1,0,0,0,0
1308,cell1309.png,1,0,0,0,0,0
1309,cell1310.png,1,0,0,0,0,0
1310,cell1311.png,1,0,0,0,0,0
1311,cell1312.png,1,0,0,0,0,0
1312,cell1313.png,1,0,0,0,0,0
1313,cell1314.png,1,0,0,0,0,0
1314,cell1315.png,0,1,0,0,0,0
1315,cell1316.png,1,0,0,0,0,0
1316,cell1317.png,1,0,0,0,0,0
1317,cell1318.png,1,0,0,0,0,0
1318,cell1319.png,1,0,0,0,0,0
1319,cell1320.png,0,1,0,0,0,0
1320,cell1321.png,1,0,0,0,0,0
1321,cell1322.png,1,0,0,0,0,0
1322,cell1323.png,1,0,0,0,0,0
1323,cell1324.png,1,0,0,0,0,0
1324,cell1325.png,0,0,0,0,0,1
1325,cell1326.png,0,0,0,0,0,1
1326,cell1327.png,0,0,0,0,0,1
1327,cell1328.png,0,0,0,0,0,1
1328,cell1329.png,0,0,0,0,0,1
1329,cell1330.png,0,0,0,0,0,1
1330,cell1331.png,0,0,0,0,0,1
1331,cell1332.png,0,0,0,0,0,1
1332,cell1333.png,0,0,0,0,0,1
1333,cell1334.png,0,0,0,0,0,1
1334,cell1335.png,1,0,0,0,0,0
1335,cell1336.png,1,0,0,0,0,0
1336,cell1337.png,1,0,0,0,0,0
1337,cell1338.png,1,0,0,0,0,0
1338,cell1339.png,1,0,0,0,0,0
1339,cell1340.png,1,0,0,0,0,0
1340,cell1341.png,1,0,0,0,0,0
1341,cell1342.png,1,0,0,0,0,0
1342,cell1343.png,1,0,0,0,0,0
1343,cell1344.png,1,0,0,0,0,0
1344,cell1345.png,0,0,0,0,0,1
1345,cell1346.png,0,0,0,0,0,1
1346,cell1347.png,0,0,0,0,0,1
1347,cell1348.png,1,0,0,0,0,0
1348,cell1349.png,1,0,0,0,0,0
1349,cell1350.png,1,0,0,0,0,0
1350,cell1351.png,1,0,0,0,0,0
1351,cell1352.png,1,0,0,0,0,0
1352,cell1353.png,1,0,0,0,0,0
1353,cell1354.png,0,0,0,0,0,1
1354,cell1355.png,1,0,0,0,0,0
1355,cell1356.png,1,0,0,0,0,0
1356,cell1357.png,1,0,0,0,0,0
1357,cell1358.png,1,0,0,0,0,0
1358,cell1359.png,1,0,0,0,0,0
1359,cell1360.png,1,0,0,0,0,0
1360,cell1361.png,1,0,0,0,0,0
1361,cell1362.png,1,0,0,0,0,0
1362,cell1363.png,1,0,0,0,0,0
1363,cell1364.png,1,0,0,0,0,0
1364,cell1365.png,0,0,0,0,0,1
1365,cell1366.png,0,0,0,0,0,1
1366,cell1367.png,0,0,0,0,0,1
1367,cell1368.png,0,0,0,0,0,1
1368,cell1369.png,0,0,0,0,0,1
1369,cell1370.png,0,0,0,0,0,1
1370,cell1371.png,0,0,0,0,0,1
1371,cell1372.png,0,0,0,0,0,1
1372,cell1373.png,0,0,0,0,0,1
1373,cell1374.png,1,0,0,0,0,0
1374,cell1375.png,1,0,0,0,0,0
1375,cell1376.png,0,0,0,0,0,1
1376,cell1377.png,0,0,0,0,0,1
1377,cell1378.png,0,0,0,0,0,1
1378,cell1379.png,0,0,0,0,0,1
1379,cell1380.png,1,0,0,0,0,0
1380,cell1381.png,0,0,0,1,0,0
1381,cell1382.png,0,0,0,1,0,0
1382,cell1383.png,0,1,0,0,0,0
1383,cell1384.png,0,0,0,0,0,1
1384,cell1385.png,1,0,0,0,0,0
1385,cell1386.png,0,0,0,0,0,1
1386,cell1387.png,0,0,0,0,0,1
1387,cell1388.png,0,0,0,0,0,1
1388,cell1389.png,0,0,0,1,0,0
1389,cell1390.png,0,0,0,0,1,0
1390,cell1391.png,0,0,0,0,0,1
1391,cell1392.png,0,1,0,0,0,0
1392,cell1393.png,0,0,0,0,0,1
1393,cell1394.png,0,0,0,1,0,0
1394,cell1395.png,0,0,0,0,0,1
1395,cell1396.png,0,0,0,0,0,1
1396,cell1397.png,0,1,0,0,0,0
1397,cell1398.png,0,1,0,0,0,0
1398,cell1399.png,0,1,0,0,0,0
1399,cell1400.png,1,0,0,0,0,0
1400,cell1401.png,1,0,0,0,0,0
1401,cell1402.png,1,0,0,0,0,0
1402,cell1403.png,0,1,0,0,0,0
1403,cell1404.png,0,0,0,0,0,1
1404,cell1405.png,0,1,0,0,0,0
1405,cell1406.png,0,0,0,0,0,1
1406,cell1407.png,0,0,0,0,0,1
1407,cell1408.png,0,0,0,0,0,1
1408,cell1409.png,0,1,0,0,0,0
1409,cell1410.png,1,0,0,0,0,0
1410,cell1411.png,0,0,0,0,0,1
1411,cell1412.png,0,0,0,0,0,1
1412,cell1413.png,0,0,0,0,0,1
1413,cell1414.png,0,0,0,0,0,1
1414,cell1415.png,0,0,0,0,0,1
1415,cell1416.png,0,0,0,0,0,1
1416,cell1417.png,0,0,0,0,0,1
1417,cell1418.png,0,0,0,0,0,1
1418,cell1419.png,0,0,0,0,0,1
1419,cell1420.png,0,0,0,0,0,1
1420,cell1421.png,0,0,0,0,0,1
1421,cell1422.png,0,0,0,0,0,1
1422,cell1423.png,0,0,0,0,1,0
1423,cell1424.png,0,0,0,0,1,0
1424,cell1425.png,0,1,0,0,0,0
1425,cell1426.png,0,1,0,0,0,0
1426,cell1427.png,0,0,0,0,0,1
1427,cell1428.png,0,0,0,0,0,1
1428,cell1429.png,0,0,0,0,0,1
1429,cell1430.png,0,0,0,0,1,0
1430,cell1431.png,0,0,0,0,0,1
1431,cell1432.png,0,0,0,0,0,1
1432,cell1433.png,0,0,0,0,0,1
1433,cell1434.png,0,0,0,0,0,1
1434,cell1435.png,1,0,0,0,0,0
1435,cell1436.png,1,0,0,0,0,0
1436,cell1437.png,0,0,0,0,1,0
1437,cell1438.png,1,0,0,0,0,0
1438,cell1439.png,0,0,0,0,0,1
1439,cell1440.png,0,0,0,0,0,1
1440,cell1441.png,0,0,0,0,0,1
1441,cell1442.png,1,0,0,0,0,0
1442,cell1443.png,1,0,0,0,0,0
1443,cell1444.png,1,0,0,0,0,0
1444,cell1445.png,1,0,0,0,0,0
1445,cell1446.png,1,0,0,0,0,0
1446,cell1447.png,1,0,0,0,0,0
1447,cell1448.png,0,0,0,0,0,1
1448,cell1449.png,1,0,0,0,0,0
1449,cell1450.png,0,0,0,0,1,0
1450,cell1451.png,0,0,0,0,0,1
1451,cell1452.png,0,0,0,0,0,1
1452,cell1453.png,1,0,0,0,0,0
1453,cell1454.png,0,0,0,1,0,0
1454,cell1455.png,1,0,0,0,0,0
1455,cell1456.png,0,0,0,1,0,0
1456,cell1457.png,0,0,0,0,0,1
1457,cell1458.png,1,0,0,0,0,0
1458,cell1459.png,1,0,0,0,0,0
1459,cell1460.png,1,0,0,0,0,0
1460,cell1461.png,0,0,0,0,0,1
1461,cell1462.png,1,0,0,0,0,0
1462,cell1463.png,1,0,0,0,0,0
1463,cell1464.png,1,0,0,0,0,0
1464,cell1465.png,1,0,0,0,0,0
1465,cell1466.png,0,0,0,0,0,1
1466,cell1467.png,1,0,0,0,0,0
1467,cell1468.png,0,0,0,1,0,0
1468,cell1469.png,1,0,0,0,0,0
1469,cell1470.png,1,0,0,0,0,0
1470,cell1471.png,1,0,0,0,0,0
1471,cell1472.png,1,0,0,0,0,0
1472,cell1473.png,1,0,0,0,0,0
1473,cell1474.png,1,0,0,0,0,0
1474,cell1475.png,1,0,0,0,0,0
1475,cell1476.png,0,0,0,1,0,0
1476,cell1477.png,0,0,0,0,1,0
1477,cell1478.png,0,0,0,1,0,0
1478,cell1479.png,1,0,0,0,0,0
1479,cell1480.png,1,0,0,0,0,0
1480,cell1481.png,1,0,0,0,0,0
1481,cell1482.png,1,0,0,0,0,0
1482,cell1483.png,0,0,0,1,0,0
1483,cell1484.png,1,0,0,0,0,0
1484,cell1485.png,1,0,0,0,0,0
1485,cell1486.png,0,0,0,0,0,1
1486,cell1487.png,0,0,0,0,0,1
1487,cell1488.png,1,0,0,0,0,0
1488,cell1489.png,0,0,0,0,0,1
1489,cell1490.png,1,0,0,0,0,0
1490,cell1491.png,1,0,0,0,0,0
1491,cell1492.png,0,0,0,0,0,1
1492,cell1493.png,1,0,0,0,0,0
1493,cell1494.png,0,0,0,0,0,1
1494,cell1495.png,1,0,0,0,0,0
1495,cell1496.png,1,0,0,0,0,0
1496,cell1497.png,1,0,0,0,0,0
1497,cell1498.png,1,0,0,0,0,0
1498,cell1499.png,1,0,0,0,0,0
1499,cell1500.png,1,0,0,0,0,0
1500,cell1501.png,1,0,0,0,0,0
1501,cell1502.png,0,1,0,0,0,0
1502,cell1503.png,1,0,0,0,0,0
1503,cell1504.png,1,0,0,0,0,0
1504,cell1505.png,1,0,0,0,0,0
1505,cell1506.png,1,0,0,0,0,0
1506,cell1507.png,1,0,0,0,0,0
1507,cell1508.png,1,0,0,0,0,0
1508,cell1509.png,1,0,0,0,0,0
1509,cell1510.png,1,0,0,0,0,0
1510,cell1511.png,1,0,0,0,0,0
1511,cell1512.png,0,0,0,0,0,1
1512,cell1513.png,1,0,0,0,0,0
1513,cell1514.png,1,0,0,0,0,0
1514,cell1515.png,1,0,0,0,0,0
1515,cell1516.png,1,0,0,0,0,0
1516,cell1517.png,1,0,0,0,0,0
1517,cell1518.png,1,0,0,0,0,0
1518,cell1519.png,1,0,0,0,0,0
1519,cell1520.png,1,0,0,0,0,0
1520,cell1521.png,1,0,0,0,0,0
1521,cell1522.png,1,0,0,0,0,0
1522,cell1523.png,1,0,0,0,0,0
1523,cell1524.png,1,0,0,0,0,0
1524,cell1525.png,1,0,0,0,0,0
1525,cell1526.png,1,0,0,0,0,0
1526,cell1527.png,1,0,0,0,0,0
1527,cell1528.png,1,0,0,0,0,0
1528,cell1529.png,1,0,0,0,0,0
1529,cell1530.png,1,0,0,0,0,0
1530,cell1531.png,0,0,0,0,1,0
1531,cell1532.png,1,0,0,0,0,0
1532,cell1533.png,1,0,0,0,0,0
1533,cell1534.png,1,0,0,0,0,0
1534,cell1535.png,1,0,0,0,0,0
1535,cell1536.png,1,0,0,0,0,0
1536,cell1537.png,1,0,0,0,0,0
1537,cell1538.png,1,0,0,0,0,0
1538,cell1539.png,1,0,0,0,0,0
1539,cell1540.png,0,0,0,0,0,1
1540,cell1541.png,1,0,0,0,0,0
1541,cell1542.png,1,0,0,0,0,0
1542,cell1543.png,1,0,0,0,0,0
1543,cell1544.png,1,0,0,0,0,0
1544,cell1545.png,1,0,0,0,0,0
1545,cell1546.png,1,0,0,0,0,0
1546,cell1547.png,1,0,0,0,0,0
1547,cell1548.png,1,0,0,0,0,0
1548,cell1549.png,1,0,0,0,0,0
1549,cell1550.png,1,0,0,0,0,0
1550,cell1551.png,1,0,0,0,0,0
1551,cell1552.png,1,0,0,0,0,0
1552,cell1553.png,1,0,0,0,0,0
1553,cell1554.png,1,0,0,0,0,0
1554,cell1555.png,1,0,0,0,0,0
1555,cell1556.png,1,0,0,0,0,0
1556,cell1557.png,1,0,0,0,0,0
1557,cell1558.png,1,0,0,0,0,0
1558,cell1559.png,1,0,0,0,0,0
1559,cell1560.png,1,0,0,0,0,0
1560,cell1561.png,1,0,0,0,0,0
1561,cell1562.png,1,0,0,0,0,0
1562,cell1563.png,1,0,0,0,0,0
1563,cell1564.png,1,0,0,0,0,0
1564,cell1565.png,1,0,0,0,0,0
1565,cell1566.png,1,0,0,0,0,0
1566,cell1567.png,0,0,0,0,0,1
1567,cell1568.png,1,0,0,0,0,0
1568,cell1569.png,1,0,0,0,0,0
1569,cell1570.png,1,0,0,0,0,0
1570,cell1571.png,1,0,0,0,0,0
1571,cell1572.png,1,0,0,0,0,0
1572,cell1573.png,1,0,0,0,0,0
1573,cell1574.png,1,0,0,0,0,0
1574,cell1575.png,1,0,0,0,0,0
1575,cell1576.png,1,0,0,0,0,0
1576,cell1577.png,1,0,0,0,0,0
1577,cell1578.png,1,0,0,0,0,0
1578,cell1579.png,1,0,0,0,0,0
1579,cell1580.png,1,0,0,0,0,0
1580,cell1581.png,1,0,0,0,0,0
1581,cell1582.png,1,0,0,0,0,0
1582,cell1583.png,1,0,0,0,0,0
1583,cell1584.png,1,0,0,0,0,0
1584,cell1585.png,1,0,0,0,0,0
1585,cell1586.png,1,0,0,0,0,0
1586,cell1587.png,1,0,0,0,0,0
1587,cell1588.png,1,0,0,0,0,0
1588,cell1589.png,0,1,0,0,0,0
1589,cell1590.png,1,0,0,0,0,0
1590,cell1591.png,0,1,0,0,0,0
1591,cell1592.png,1,0,0,0,0,0
1592,cell1593.png,1,0,0,0,0,0
1593,cell1594.png,1,0,0,0,0,0
1594,cell1595.png,1,0,0,0,0,0
1595,cell1596.png,0,0,0,0,0,1
1596,cell1597.png,1,0,0,0,0,0
1597,cell1598.png,1,0,0,0,0,0
1598,cell1599.png,1,0,0,0,0,0
1599,cell1600.png,1,0,0,0,0,0
1600,cell1601.png,1,0,0,0,0,0
1601,cell1602.png,1,0,0,0,0,0
1602,cell1603.png,1,0,0,0,0,0
1603,cell1604.png,1,0,0,0,0,0
1604,cell1605.png,1,0,0,0,0,0
1605,cell1606.png,1,0,0,0,0,0
1606,cell1607.png,1,0,0,0,0,0
1607,cell1608.png,1,0,0,0,0,0
1608,cell1609.png,1,0,0,0,0,0
1609,cell1610.png,1,0,0,0,0,0
1610,cell1611.png,1,0,0,0,0,0
1611,cell1612.png,1,0,0,0,0,0
1612,cell1613.png,1,0,0,0,0,0
1613,cell1614.png,1,0,0,0,0,0
1614,cell1615.png,0,0,1,0,0,0
1615,cell1616.png,0,0,0,1,0,0
1616,cell1617.png,1,0,0,0,0,0
1617,cell1618.png,0,0,1,0,0,0
1618,cell1619.png,1,0,0,0,0,0
1619,cell1620.png,1,0,0,0,0,0
1620,cell1621.png,0,0,1,0,0,0
1621,cell1622.png,0,0,1,0,0,0
1622,cell1623.png,0,0,1,0,0,0
1623,cell1624.png,0,0,1,0,0,0
1624,cell1625.png,0,0,1,0,0,0
1625,cell1626.png,0,0,1,0,0,0
1626,cell1627.png,0,0,1,0,0,0
1627,cell1628.png,0,0,1,0,0,0
1628,cell1629.png,0,0,1,0,0,0
1629,cell1630.png,0,0,1,0,0,0
1630,cell1631.png,0,0,1,0,0,0
1631,cell1632.png,0,0,1,0,0,0
1632,cell1633.png,0,0,1,0,0,0
1633,cell1634.png,0,0,1,0,0,0
1634,cell1635.png,0,0,1,0,0,0
1635,cell1636.png,1,0,0,0,0,0
1636,cell1637.png,0,0,1,0,0,0
1637,cell1638.png,0,0,1,0,0,0
1638,cell1639.png,0,0,1,0,1,0
1639,cell1640.png,1,0,0,0,0,0
1640,cell1641.png,1,0,0,0,0,0
1641,cell1642.png,1,0,0,0,0,0
1642,cell1643.png,0,0,1,0,0,0
1643,cell1644.png,1,0,0,0,0,0
1644,cell1645.png,0,0,1,0,0,0
1645,cell1646.png,0,0,1,0,0,0
1646,cell1647.png,0,0,1,0,0,0
1647,cell1648.png,0,0,1,0,0,0
1648,cell1649.png,0,0,1,0,0,0
1649,cell1650.png,0,0,1,0,0,0
1650,cell1651.png,0,0,1,0,0,0
1651,cell1652.png,0,0,1,0,0,0
1652,cell1653.png,0,0,1,0,0,0
1653,cell1654.png,0,0,1,0,0,0
1654,cell1655.png,0,0,1,0,0,0
1655,cell1656.png,1,0,0,0,0,0
1656,cell1657.png,0,0,1,0,0,0
1657,cell1658.png,1,0,0,0,0,0
1658,cell1659.png,1,0,0,0,0,0
1659,cell1660.png,1,0,0,0,0,0
1660,cell1661.png,1,0,0,0,0,0
1661,cell1662.png,1,0,0,0,0,0
1662,cell1663.png,1,0,0,0,0,0
1663,cell1664.png,1,0,0,0,0,0
1664,cell1665.png,0,0,1,0,0,0
1665,cell1666.png,0,0,1,0,0,0
1666,cell1667.png,0,0,1,0,0,0
1667,cell1668.png,0,0,1,0,0,0
1668,cell1669.png,0,0,1,0,0,0
1669,cell1670.png,0,0,1,0,0,0
1670,cell1671.png,0,0,1,0,0,0
1671,cell1672.png,0,0,1,0,0,0
1672,cell1673.png,0,0,1,0,0,0
1673,cell1674.png,0,0,1,0,0,0
1674,cell1675.png,0,0,0,1,1,0
1675,cell1676.png,1,0,0,0,0,0
1676,cell1677.png,1,0,0,0,0,0
1677,cell1678.png,1,0,0,0,0,0
1678,cell1679.png,0,0,0,0,0,1
1679,cell1680.png,1,0,0,0,0,0
1680,cell1681.png,1,0,0,0,0,0
1681,cell1682.png,1,0,0,0,0,0
1682,cell1683.png,1,0,0,0,0,0
1683,cell1684.png,1,0,0,0,0,0
1684,cell1685.png,1,0,0,0,0,0
1685,cell1686.png,1,0,0,0,0,0
1686,cell1687.png,1,0,0,0,0,0
1687,cell1688.png,1,0,0,0,0,0
1688,cell1689.png,1,0,0,0,0,0
1689,cell1690.png,1,0,0,0,0,0
1690,cell1691.png,1,0,0,0,0,0
1691,cell1692.png,1,0,0,0,0,0
1692,cell1693.png,1,0,0,0,0,0
1693,cell1694.png,1,0,0,0,0,0
1694,cell1695.png,1,0,0,0,0,0
1695,cell1696.png,1,0,0,0,0,0
1696,cell1697.png,1,0,0,0,0,0
1697,cell1698.png,1,0,0,0,0,0
1698,cell1699.png,1,0,0,0,0,0
1699,cell1700.png,1,0,0,0,0,0
1700,cell1701.png,1,0,0,0,0,0
1701,cell1702.png,1,0,0,0,0,0
1702,cell1703.png,1,0,0,0,0,0
1703,cell1704.png,1,0,0,0,0,0
1704,cell1705.png,1,0,0,0,0,0
1705,cell1706.png,0,0,0,0,0,1
1706,cell1707.png,1,0,0,0,0,0
1707,cell1708.png,1,0,0,0,0,0
1708,cell1709.png,1,0,0,0,0,0
1709,cell1710.png,1,0,0,0,0,0
1710,cell1711.png,1,0,0,0,0,0
1711,cell1712.png,1,0,0,0,0,0
1712,cell1713.png,1,0,0,0,0,0
1713,cell1714.png,0,1,0,0,0,0
1714,cell1715.png,1,0,0,0,0,0
1715,cell1716.png,1,0,0,0,0,0
1716,cell1717.png,1,0,0,0,0,0
1717,cell1718.png,1,0,0,0,0,0
1718,cell1719.png,1,0,0,0,0,0
1719,cell1720.png,1,0,0,0,0,0
1720,cell1721.png,1,0,0,0,0,0
1721,cell1722.png,1,0,0,0,0,0
1722,cell1723.png,1,0,0,0,0,0
1723,cell1724.png,1,0,0,0,0,0
1724,cell1725.png,1,0,0,0,0,0
1725,cell1726.png,1,0,0,0,0,0
1726,cell1727.png,1,0,0,0,0,0
1727,cell1728.png,0,0,0,0,0,1
1728,cell1729.png,0,0,0,0,0,1
1729,cell1730.png,0,0,0,0,0,1
1730,cell1731.png,0,0,0,0,0,1
1731,cell1732.png,0,0,0,0,0,1
1732,cell1733.png,0,0,0,0,0,1
1733,cell1734.png,1,0,0,0,0,0
1734,cell1735.png,1,0,0,0,0,0
1735,cell1736.png,1,0,0,0,0,0
1736,cell1737.png,1,0,0,0,0,0
1737,cell1738.png,1,0,0,0,0,0
1738,cell1739.png,1,0,0,0,0,0
1739,cell1740.png,1,0,0,0,0,0
1740,cell1741.png,1,0,0,0,0,0
1741,cell1742.png,1,0,0,0,0,0
1742,cell1743.png,0,0,0,0,0,1
1743,cell1744.png,1,0,0,0,0,0
1744,cell1745.png,1,0,0,0,0,0
1745,cell1746.png,0,0,0,0,0,1
1746,cell1747.png,1,0,0,0,0,0
1747,cell1748.png,0,1,0,1,0,0
1748,cell1749.png,1,0,0,0,0,0
1749,cell1750.png,0,0,0,1,0,0
1750,cell1751.png,1,0,0,0,0,0
1751,cell1752.png,0,0,0,0,0,1
1752,cell1753.png,1,0,0,0,0,0
1753,cell1754.png,1,0,0,0,0,0
1754,cell1755.png,1,0,0,0,0,0
1755,cell1756.png,1,0,0,0,0,0
1756,cell1757.png,1,0,0,0,0,0
1757,cell1758.png,1,0,0,0,0,0
1758,cell1759.png,1,0,0,0,0,0
1759,cell1760.png,1,0,0,0,0,0
1760,cell1761.png,0,1,0,0,1,0
1761,cell1762.png,1,0,0,0,0,0
1762,cell1763.png,1,0,0,0,0,0
1763,cell1764.png,1,0,0,0,0,0
1764,cell1765.png,1,0,0,0,0,0
1765,cell1766.png,1,0,0,0,0,0
1766,cell1767.png,1,0,0,0,0,0
1767,cell1768.png,0,0,0,0,0,1
1768,cell1769.png,1,0,0,0,0,0
1769,cell1770.png,1,0,0,0,0,0
1770,cell1771.png,0,1,0,0,0,0
1771,cell1772.png,1,0,0,0,0,0
1772,cell1773.png,1,0,0,0,0,0
1773,cell1774.png,1,0,0,0,0,0
1774,cell1775.png,1,0,0,0,0,0
1775,cell1776.png,1,0,0,0,0,0
1776,cell1777.png,1,0,0,0,0,0
1777,cell1778.png,1,0,0,0,0,0
1778,cell1779.png,1,0,0,0,0,0
1779,cell1780.png,1,0,0,0,0,0
1780,cell1781.png,0,1,0,0,0,0
1781,cell1782.png,1,0,0,0,0,0
1782,cell1783.png,1,0,0,0,0,0
1783,cell1784.png,0,1,0,0,0,0
1784,cell1785.png,1,0,0,0,0,0
1785,cell1786.png,1,0,0,0,0,0
1786,cell1787.png,1,0,0,0,0,0
1787,cell1788.png,1,0,0,0,0,0
1788,cell1789.png,1,0,0,0,0,0
1789,cell1790.png,1,0,0,0,0,0
1790,cell1791.png,1,0,0,0,0,0
1791,cell1792.png,1,0,0,0,0,0
1792,cell1793.png,1,0,0,0,0,0
1793,cell1794.png,1,0,0,0,0,0
1794,cell1795.png,1,0,0,0,0,0
1795,cell1796.png,1,0,0,0,0,0
1796,cell1797.png,1,0,0,0,0,0
1797,cell1798.png,1,0,0,0,0,0
1798,cell1799.png,1,0,0,0,0,0
1799,cell1800.png,1,0,0,0,0,0
1800,cell1801.png,0,1,0,0,0,0
1801,cell1802.png,1,0,0,0,0,0
1802,cell1803.png,0,0,0,0,1,0
1803,cell1804.png,1,0,0,0,0,0
1804,cell1805.png,1,0,0,0,0,0
1805,cell1806.png,0,0,0,0,0,1
1806,cell1807.png,0,0,0,0,0,1
1807,cell1808.png,0,0,0,0,1,0
1808,cell1809.png,0,0,0,0,0,1
1809,cell1810.png,1,0,0,0,0,0
1810,cell1811.png,1,0,0,0,0,0
1811,cell1812.png,0,0,0,0,0,1
1812,cell1813.png,0,0,0,0,0,1
1813,cell1814.png,0,0,0,0,0,1
1814,cell1815.png,1,0,0,0,0,0
1815,cell1816.png,1,0,0,0,0,0
1816,cell1817.png,1,0,0,0,0,0
1817,cell1818.png,1,0,0,0,0,0
1818,cell1819.png,0,0,0,0,0,1
1819,cell1820.png,0,1,0,0,0,0
1820,cell1821.png,0,0,0,0,0,1
1821,cell1822.png,1,0,0,0,0,0
1822,cell1823.png,0,0,0,0,0,1
1823,cell1824.png,0,0,0,0,0,1
1824,cell1825.png,1,0,0,0,0,0
1825,cell1826.png,1,0,0,0,0,0
1826,cell1827.png,1,0,0,0,0,0
1827,cell1828.png,1,0,0,0,0,0
1828,cell1829.png,1,0,0,0,0,0
1829,cell1830.png,1,0,0,0,0,0
1830,cell1831.png,1,0,0,0,0,0
1831,cell1832.png,1,0,0,0,0,0
1832,cell1833.png,1,0,0,0,0,0
1833,cell1834.png,1,0,0,0,0,0
1834,cell1835.png,0,0,0,0,0,1
1835,cell1836.png,0,0,0,0,0,1
1836,cell1837.png,0,0,0,0,0,1
1837,cell1838.png,0,0,0,0,0,1
1838,cell1839.png,0,0,0,0,0,1
1839,cell1840.png,1,0,0,0,0,0
1840,cell1841.png,0,1,0,0,0,0
1841,cell1842.png,0,0,0,0,0,1
1842,cell1843.png,0,0,0,0,0,1
1843,cell1844.png,0,0,0,0,0,1
1844,cell1845.png,0,0,0,0,0,1
1845,cell1846.png,1,0,0,0,0,0
1846,cell1847.png,0,0,0,0,0,1
1847,cell1848.png,1,0,0,0,0,0
1848,cell1849.png,0,0,0,0,0,1
1849,cell1850.png,1,0,0,0,0,0
1850,cell1851.png,1,0,0,0,0,0
1851,cell1852.png,0,0,0,0,0,1
1852,cell1853.png,0,0,0,0,0,1
1853,cell1854.png,0,0,0,0,0,1
1854,cell1855.png,1,0,0,0,0,0
1855,cell1856.png,0,1,0,0,0,0
1856,cell1857.png,1,0,0,0,0,0
1857,cell1858.png,1,0,0,0,0,0
1858,cell1859.png,1,0,0,0,0,0
1859,cell1860.png,1,0,0,0,0,0
1860,cell1861.png,1,0,0,0,0,0
1861,cell1862.png,1,0,0,0,0,0
1862,cell1863.png,1,0,0,0,0,0
1863,cell1864.png,1,0,0,0,0,0
1864,cell1865.png,1,0,0,0,0,0
1865,cell1866.png,1,0,0,0,0,0
1866,cell1867.png,1,0,0,0,0,0
1867,cell1868.png,1,0,0,0,0,0
1868,cell1869.png,1,0,0,0,0,0
1869,cell1870.png,1,0,0,0,0,0
1870,cell1871.png,1,0,0,0,0,0
1871,cell1872.png,1,0,0,0,0,0
1872,cell1873.png,1,0,0,0,0,0
1873,cell1874.png,1,0,0,0,0,0
1874,cell1875.png,1,0,0,0,0,0
1875,cell1876.png,1,0,0,0,0,0
1876,cell1877.png,1,0,0,0,0,0
1877,cell1878.png,1,0,0,0,0,0
1878,cell1879.png,1,0,0,0,0,0
1879,cell1880.png,1,0,0,0,0,0
1880,cell1881.png,1,0,0,0,0,0
1881,cell1882.png,1,0,0,0,0,0
1882,cell1883.png,1,0,0,0,0,0
1883,cell1884.png,1,0,0,0,0,0
1884,cell1885.png,1,0,0,0,0,0
1885,cell1886.png,1,0,0,0,0,0
1886,cell1887.png,1,0,0,0,0,0
1887,cell1888.png,1,0,0,0,0,0
1888,cell1889.png,1,0,0,0,0,0
1889,cell1890.png,0,1,0,0,0,0
1890,cell1891.png,1,0,0,0,0,0
1891,cell1892.png,1,0,0,0,0,0
1892,cell1893.png,1,0,0,0,0,0
1893,cell1894.png,1,0,0,0,0,0
1894,cell1895.png,0,0,0,0,0,1
1895,cell1896.png,0,0,0,0,0,1
1896,cell1897.png,0,0,0,0,0,1
1897,cell1898.png,1,0,0,0,0,0
1898,cell1899.png,0,1,0,0,0,0
1899,cell1900.png,0,0,0,0,0,1
1900,cell1901.png,0,0,0,0,0,1
1901,cell1902.png,0,0,0,0,0,1
1902,cell1903.png,0,0,0,0,0,1
1903,cell1904.png,0,0,0,0,0,1
1904,cell1905.png,0,0,0,0,1,0
1905,cell1906.png,0,0,0,0,0,1
1906,cell1907.png,0,0,0,0,0,1
1907,cell1908.png,0,0,0,0,0,1
1908,cell1909.png,1,0,0,0,0,0
1909,cell1910.png,0,0,0,0,0,1
1910,cell1911.png,1,0,0,0,0,0
1911,cell1912.png,1,0,0,0,0,0
1912,cell1913.png,0,0,0,0,1,0
1913,cell1914.png,0,0,0,0,0,1
1914,cell1915.png,1,0,0,0,0,0
1915,cell1916.png,1,0,0,0,0,0
1916,cell1917.png,1,0,0,0,0,0
1917,cell1918.png,1,0,0,0,0,0
1918,cell1919.png,0,0,0,0,1,0
1919,cell1920.png,0,0,0,0,0,1
1920,cell1921.png,0,0,0,0,1,0
1921,cell1922.png,1,0,0,0,0,0
1922,cell1923.png,0,0,0,0,1,0
1923,cell1924.png,1,0,0,0,0,0
1924,cell1925.png,1,0,0,0,0,0
1925,cell1926.png,1,0,0,0,0,0
1926,cell1927.png,0,0,0,0,0,1
1927,cell1928.png,0,0,0,0,0,1
1928,cell1929.png,1,0,0,0,0,0
1929,cell1930.png,0,0,0,0,0,1
1930,cell1931.png,1,0,0,0,0,0
1931,cell1932.png,0,0,0,0,0,1
1932,cell1933.png,0,0,0,0,0,1
1933,cell1934.png,1,0,0,0,0,0
1934,cell1935.png,0,0,0,0,0,1
1935,cell1936.png,1,0,0,0,0,0
1936,cell1937.png,0,0,0,0,0,1
1937,cell1938.png,1,0,0,0,0,0
1938,cell1939.png,1,0,0,0,0,0
1939,cell1940.png,1,0,0,0,0,0
1940,cell1941.png,0,1,0,0,0,0
1941,cell1942.png,0,1,0,0,0,0
1942,cell1943.png,0,0,0,0,1,0
1943,cell1944.png,1,0,0,0,0,0
1944,cell1945.png,1,0,0,0,0,0
1945,cell1946.png,1,0,0,0,0,0
1946,cell1947.png,1,0,0,0,0,0
1947,cell1948.png,1,0,0,0,0,0
1948,cell1949.png,1,0,0,0,0,0
1949,cell1950.png,0,0,0,1,0,0
1950,cell1951.png,1,0,0,0,0,0
1951,cell1952.png,1,0,0,0,0,0
1952,cell1953.png,0,0,0,0,1,0
1953,cell1954.png,0,0,0,0,0,1
1954,cell1955.png,0,0,0,0,0,1
1955,cell1956.png,0,0,0,0,0,1
1956,cell1957.png,0,0,0,0,0,1
1957,cell1958.png,1,0,0,0,0,0
1958,cell1959.png,0,0,0,0,0,1
1959,cell1960.png,1,0,0,0,0,0
1960,cell1961.png,0,0,0,0,0,1
1961,cell1962.png,0,0,0,0,0,1
1962,cell1963.png,1,0,0,0,0,0
1963,cell1964.png,0,0,0,0,0,1
1964,cell1965.png,0,0,0,0,0,1
1965,cell1966.png,1,0,0,0,0,0
1966,cell1967.png,1,0,0,0,0,0
1967,cell1968.png,1,0,0,0,0,0
1968,cell1969.png,1,0,0,0,0,0
1969,cell1970.png,1,0,0,0,0,0
1970,cell1971.png,1,0,0,0,0,0
1971,cell1972.png,1,0,0,0,0,0
1972,cell1973.png,1,0,0,0,0,0
1973,cell1974.png,1,0,0,0,0,0
1974,cell1975.png,1,0,0,0,0,0
1975,cell1976.png,0,0,1,0,0,0
1976,cell1977.png,1,0,0,0,0,0
1977,cell1978.png,1,0,0,0,0,0
1978,cell1979.png,1,0,0,0,0,0
1979,cell1980.png,1,0,0,0,0,0
1980,cell1981.png,1,0,0,0,0,0
1981,cell1982.png,0,0,0,0,1,0
1982,cell1983.png,1,0,0,0,0,0
1983,cell1984.png,1,0,0,0,0,0
1984,cell1985.png,1,0,0,0,0,0
1985,cell1986.png,1,0,0,0,0,0
1986,cell1987.png,1,0,0,0,0,0
1987,cell1988.png,1,0,0,0,0,0
1988,cell1989.png,0,1,0,0,0,0
1989,cell1990.png,1,0,0,0,0,0
1990,cell1991.png,0,1,0,0,0,0
1991,cell1992.png,0,1,0,0,1,0
1992,cell1993.png,0,0,0,0,0,1
1993,cell1994.png,1,0,0,0,0,0
1994,cell1995.png,1,0,0,0,0,0
1995,cell1996.png,1,0,0,0,0,0
1996,cell1997.png,1,0,0,0,0,0
1997,cell1998.png,1,0,0,0,0,0
1998,cell1999.png,1,0,0,0,0,0
1999,cell2000.png,1,0,0,0,0,0
2000,cell2001.png,1,0,0,0,0,0
2001,cell2002.png,1,0,0,0,0,0
2002,cell2003.png,1,0,0,0,0,0
2003,cell2004.png,1,0,0,0,0,0
2004,cell2005.png,1,0,0,0,0,0
2005,cell2006.png,1,0,0,0,0,0
2006,cell2007.png,1,0,0,0,0,0
2007,cell2008.png,1,0,0,0,0,0
2008,cell2009.png,1,0,0,0,0,0
2009,cell2010.png,0,1,0,0,0,0
2010,cell2011.png,1,0,0,0,0,0
2011,cell2012.png,0,1,0,0,0,0
2012,cell2013.png,0,1,0,0,0,0
2013,cell2014.png,0,1,0,0,0,0
2014,cell2015.png,0,0,0,0,0,1
2015,cell2016.png,1,0,0,0,0,0
2016,cell2017.png,0,1,0,0,0,0
2017,cell2018.png,0,0,0,0,0,1
2018,cell2019.png,1,0,0,0,0,0
2019,cell2020.png,1,0,0,0,0,0
2020,cell2021.png,0,1,0,0,0,0
2021,cell2022.png,0,1,0,0,0,0
2022,cell2023.png,0,1,0,0,0,0
2023,cell2024.png,0,1,0,0,0,0
2024,cell2025.png,0,0,0,0,0,1
2025,cell2026.png,1,0,0,0,0,0
2026,cell2027.png,1,0,0,0,0,0
2027,cell2028.png,1,0,0,0,0,0
2028,cell2029.png,1,0,0,0,0,0
2029,cell2030.png,1,0,0,0,0,0
2030,cell2031.png,1,0,0,0,0,0
2031,cell2032.png,1,0,0,0,0,0
2032,cell2033.png,1,0,0,0,0,0
2033,cell2034.png,0,0,0,0,0,1
2034,cell2035.png,1,0,0,0,0,0
2035,cell2036.png,0,1,0,0,0,0
2036,cell2037.png,1,0,0,0,0,0
2037,cell2038.png,0,1,0,0,0,0
2038,cell2039.png,0,1,0,0,0,0
2039,cell2040.png,1,0,0,0,0,0
2040,cell2041.png,1,0,0,0,0,0
2041,cell2042.png,0,1,0,0,0,0
2042,cell2043.png,1,0,0,0,0,0
2043,cell2044.png,0,1,0,0,0,0
2044,cell2045.png,1,0,0,0,0,0
2045,cell2046.png,1,0,0,0,0,0
2046,cell2047.png,1,0,0,0,0,0
2047,cell2048.png,1,0,0,0,0,0
2048,cell2049.png,1,0,0,0,0,0
2049,cell2050.png,1,0,0,0,0,0
2050,cell2051.png,0,0,1,0,0,0
2051,cell2052.png,0,1,0,0,0,0
2052,cell2053.png,0,0,0,0,0,1
2053,cell2054.png,0,1,0,0,0,0
2054,cell2055.png,0,0,0,0,0,1
2055,cell2056.png,1,0,0,0,0,0
2056,cell2057.png,0,0,1,0,0,0
2057,cell2058.png,1,0,0,0,0,0
2058,cell2059.png,1,0,0,0,0,0
2059,cell2060.png,0,1,0,0,0,0
2060,cell2061.png,0,1,0,0,0,0
2061,cell2062.png,0,1,0,0,0,0
2062,cell2063.png,1,0,0,0,0,0
2063,cell2064.png,1,0,0,0,0,0
2064,cell2065.png,1,0,0,0,0,0
2065,cell2066.png,1,0,0,0,0,0
2066,cell2067.png,1,0,0,0,0,0
2067,cell2068.png,0,1,0,0,0,0
2068,cell2069.png,1,0,0,0,0,0
2069,cell2070.png,0,0,0,0,0,1
2070,cell2071.png,0,0,1,0,1,0
2071,cell2072.png,0,1,0,0,1,0
2072,cell2073.png,1,0,0,0,0,0
2073,cell2074.png,0,1,0,0,0,0
2074,cell2075.png,1,0,0,0,0,0
2075,cell2076.png,0,0,0,0,0,1
2076,cell2077.png,0,0,0,0,0,1
2077,cell2078.png,1,0,0,0,0,0
2078,cell2079.png,1,0,0,0,0,0
2079,cell2080.png,1,0,0,0,0,0
2080,cell2081.png,0,1,0,0,0,0
2081,cell2082.png,0,0,0,0,0,1
2082,cell2083.png,0,0,0,0,0,1
2083,cell2084.png,0,0,0,0,0,1
2084,cell2085.png,1,0,0,0,0,0
2085,cell2086.png,1,0,0,0,0,0
2086,cell2087.png,1,0,0,0,0,0
2087,cell2088.png,1,0,0,0,0,0
2088,cell2089.png,0,1,0,0,0,0
2089,cell2090.png,0,0,0,0,0,1
2090,cell2091.png,1,0,0,0,0,0
2091,cell2092.png,0,1,0,0,0,0
2092,cell2093.png,1,0,0,0,0,0
2093,cell2094.png,1,0,0,0,0,0
2094,cell2095.png,1,0,0,0,0,0
2095,cell2096.png,1,0,0,0,0,0
2096,cell2097.png,1,0,0,0,0,0
2097,cell2098.png,1,0,0,0,0,0
2098,cell2099.png,1,0,0,0,0,0
2099,cell2100.png,1,0,0,0,0,0
2100,cell2101.png,1,0,0,0,0,0
2101,cell2102.png,1,0,0,0,0,0
2102,cell2103.png,1,0,0,0,0,0
2103,cell2104.png,1,0,0,0,0,0
2104,cell2105.png,0,0,0,0,0,1
2105,cell2106.png,1,0,0,0,0,0
2106,cell2107.png,1,0,0,0,0,0
2107,cell2108.png,1,0,0,0,0,0
2108,cell2109.png,1,0,0,0,0,0
2109,cell2110.png,1,0,0,0,0,0
2110,cell2111.png,1,0,0,0,0,0
2111,cell2112.png,1,0,0,0,0,0
2112,cell2113.png,1,0,0,0,0,0
2113,cell2114.png,1,0,0,0,0,0
2114,cell2115.png,1,0,0,0,0,0
2115,cell2116.png,1,0,0,0,0,0
2116,cell2117.png,1,0,0,0,0,0
2117,cell2118.png,1,0,0,0,0,0
2118,cell2119.png,1,0,0,0,0,0
2119,cell2120.png,1,0,0,0,0,0
2120,cell2121.png,1,0,0,0,0,0
2121,cell2122.png,0,1,0,0,0,0
2122,cell2123.png,1,0,0,0,0,0
2123,cell2124.png,1,0,0,0,0,0
2124,cell2125.png,1,0,0,0,0,0
2125,cell2126.png,1,0,0,0,0,0
2126,cell2127.png,1,0,0,0,0,0
2127,cell2128.png,1,0,0,0,0,0
2128,cell2129.png,1,0,0,0,0,0
2129,cell2130.png,0,0,0,0,0,1
2130,cell2131.png,0,1,0,0,0,0
2131,cell2132.png,1,0,0,0,0,0
2132,cell2133.png,1,0,0,0,0,0
2133,cell2134.png,0,0,0,0,0,1
2134,cell2135.png,1,0,0,0,0,0
2135,cell2136.png,0,0,0,0,0,1
2136,cell2137.png,0,0,0,0,0,1
2137,cell2138.png,1,0,0,0,0,0
2138,cell2139.png,1,0,0,0,0,0
2139,cell2140.png,1,0,0,0,0,0
2140,cell2141.png,1,0,0,0,0,0
2141,cell2142.png,0,1,0,0,0,0
2142,cell2143.png,0,1,0,0,0,0
2143,cell2144.png,0,1,0,0,0,0
2144,cell2145.png,1,0,0,0,0,0
2145,cell2146.png,1,0,0,0,0,0
2146,cell2147.png,1,0,0,0,0,0
2147,cell2148.png,1,0,0,0,0,0
2148,cell2149.png,1,0,0,0,0,0
2149,cell2150.png,1,0,0,0,0,0
2150,cell2151.png,1,0,0,0,0,0
2151,cell2152.png,1,0,0,0,0,0
2152,cell2153.png,1,0,0,0,0,0
2153,cell2154.png,1,0,0,0,0,0
2154,cell2155.png,1,0,0,0,0,0
2155,cell2156.png,1,0,0,0,0,0
2156,cell2157.png,1,0,0,0,0,0
2157,cell2158.png,1,0,0,0,0,0
2158,cell2159.png,1,0,0,0,0,0
2159,cell2160.png,1,0,0,0,0,0
2160,cell2161.png,1,0,0,0,0,0
2161,cell2162.png,1,0,0,0,0,0
2162,cell2163.png,1,0,0,0,0,0
2163,cell2164.png,1,0,0,0,0,0
2164,cell2165.png,1,0,0,0,0,0
2165,cell2166.png,0,1,0,0,0,0
2166,cell2167.png,1,0,0,0,0,0
2167,cell2168.png,1,0,0,0,0,0
2168,cell2169.png,1,0,0,0,0,0
2169,cell2170.png,1,0,0,0,0,0
2170,cell2171.png,1,0,0,0,0,0
2171,cell2172.png,0,0,0,0,1,0
2172,cell2173.png,0,0,0,0,0,1
2173,cell2174.png,1,0,0,0,0,0
2174,cell2175.png,1,0,0,0,0,0
2175,cell2176.png,0,0,0,0,0,1
2176,cell2177.png,1,0,0,0,0,0
2177,cell2178.png,1,0,0,0,0,0
2178,cell2179.png,1,0,0,0,0,0
2179,cell2180.png,1,0,0,0,0,0
2180,cell2181.png,0,0,0,0,0,1
2181,cell2182.png,1,0,0,0,0,0
2182,cell2183.png,0,0,0,0,0,1
2183,cell2184.png,1,0,0,0,0,0
2184,cell2185.png,1,0,0,0,0,0
2185,cell2186.png,1,0,0,0,0,0
2186,cell2187.png,1,0,0,0,0,0
2187,cell2188.png,1,0,0,0,0,0
2188,cell2189.png,1,0,0,0,0,0
2189,cell2190.png,1,0,0,0,0,0
2190,cell2191.png,1,0,0,0,0,0
2191,cell2192.png,1,0,0,0,0,0
2192,cell2193.png,1,0,0,0,0,0
2193,cell2194.png,1,0,0,0,0,0
2194,cell2195.png,1,0,0,0,0,0
2195,cell2196.png,0,1,0,0,0,0
2196,cell2197.png,0,0,0,0,0,1
2197,cell2198.png,1,0,0,0,0,0
2198,cell2199.png,1,0,0,0,0,0
2199,cell2200.png,1,0,0,0,0,0
2200,cell2201.png,1,0,0,0,0,0
2201,cell2202.png,0,0,0,0,0,1
2202,cell2203.png,1,0,0,0,0,0
2203,cell2204.png,0,1,0,0,0,0
2204,cell2205.png,0,0,0,0,0,1
2205,cell2206.png,1,0,0,0,0,0
2206,cell2207.png,0,1,0,0,0,0
2207,cell2208.png,1,0,0,0,0,0
2208,cell2209.png,1,0,0,0,0,0
2209,cell2210.png,1,0,0,0,0,0
2210,cell2211.png,1,0,0,0,0,0
2211,cell2212.png,0,0,0,0,0,1
2212,cell2213.png,1,0,0,0,0,0
2213,cell2214.png,1,0,0,0,0,0
2214,cell2215.png,1,0,0,0,0,0
2215,cell2216.png,1,0,0,0,0,0
2216,cell2217.png,1,0,0,0,0,0
2217,cell2218.png,1,0,0,0,0,0
2218,cell2219.png,1,0,0,0,0,0
2219,cell2220.png,1,0,0,0,0,0
2220,cell2221.png,1,0,0,0,0,0
2221,cell2222.png,1,0,0,0,0,0
2222,cell2223.png,1,0,0,0,0,0
2223,cell2224.png,1,0,0,0,0,0
2224,cell2225.png,1,0,0,0,0,0
2225,cell2226.png,1,0,0,0,0,0
2226,cell2227.png,1,0,0,0,0,0
2227,cell2228.png,1,0,0,0,0,0
2228,cell2229.png,1,0,0,0,0,0
2229,cell2230.png,1,0,0,0,0,0
2230,cell2231.png,1,0,0,0,0,0
2231,cell2232.png,1,0,0,0,0,0
2232,cell2233.png,1,0,0,0,0,0
2233,cell2234.png,1,0,0,0,0,0
2234,cell2235.png,1,0,0,0,0,0
2235,cell2236.png,1,0,0,0,0,0
2236,cell2237.png,1,0,0,0,0,0
2237,cell2238.png,1,0,0,0,0,0
2238,cell2239.png,1,0,0,0,0,0
2239,cell2240.png,1,0,0,0,0,0
2240,cell2241.png,1,0,0,0,0,0
2241,cell2242.png,1,0,0,0,0,0
2242,cell2243.png,1,0,0,0,0,0
2243,cell2244.png,1,0,0,0,0,0
2244,cell2245.png,1,0,0,0,0,0
2245,cell2246.png,1,0,0,0,0,0
2246,cell2247.png,1,0,0,0,0,0
2247,cell2248.png,1,0,0,0,0,0
2248,cell2249.png,1,0,0,0,0,0
2249,cell2250.png,1,0,0,0,0,0
2250,cell2251.png,1,0,0,0,0,0
2251,cell2252.png,1,0,0,0,0,0
2252,cell2253.png,1,0,0,0,0,0
2253,cell2254.png,1,0,0,0,0,0
2254,cell2255.png,1,0,0,0,0,0
2255,cell2256.png,1,0,0,0,0,0
2256,cell2257.png,1,0,0,0,0,0
2257,cell2258.png,1,0,0,0,0,0
2258,cell2259.png,1,0,0,0,0,0
2259,cell2260.png,1,0,0,0,0,0
2260,cell2261.png,1,0,0,0,0,0
2261,cell2262.png,1,0,0,0,0,0
2262,cell2263.png,1,0,0,0,0,0
2263,cell2264.png,1,0,0,0,0,0
2264,cell2265.png,1,0,0,0,0,0
2265,cell2266.png,1,0,0,0,0,0
2266,cell2267.png,1,0,0,0,0,0
2267,cell2268.png,0,0,0,0,1,0
2268,cell2269.png,1,0,0,0,0,0
2269,cell2270.png,1,0,0,0,0,0
2270,cell2271.png,1,0,0,0,0,0
2271,cell2272.png,1,0,0,0,0,0
2272,cell2273.png,1,0,0,0,0,0
2273,cell2274.png,1,0,0,0,0,0
2274,cell2275.png,1,0,0,0,0,0
2275,cell2276.png,1,0,0,0,0,0
2276,cell2277.png,0,0,0,0,0,1
2277,cell2278.png,1,0,0,0,0,0
2278,cell2279.png,1,0,0,0,0,0
2279,cell2280.png,1,0,0,0,0,0
2280,cell2281.png,1,0,0,0,0,0
2281,cell2282.png,1,0,0,0,0,0
2282,cell2283.png,1,0,0,0,0,0
2283,cell2284.png,1,0,0,0,0,0
2284,cell2285.png,1,0,0,0,0,0
2285,cell2286.png,1,0,0,0,0,0
2286,cell2287.png,1,0,0,0,0,0
2287,cell2288.png,0,0,0,0,0,1
2288,cell2289.png,0,1,0,0,0,0
2289,cell2290.png,0,0,0,0,0,1
2290,cell2291.png,1,0,0,0,0,0
2291,cell2292.png,0,0,0,0,0,1
2292,cell2293.png,1,0,0,0,0,0
2293,cell2294.png,0,0,0,0,0,1
2294,cell2295.png,0,0,0,0,0,1
2295,cell2296.png,1,0,0,0,0,0
2296,cell2297.png,1,0,0,0,0,0
2297,cell2298.png,1,0,0,0,0,0
2298,cell2299.png,1,0,0,0,0,0
2299,cell2300.png,1,0,0,0,0,0
2300,cell2301.png,1,0,0,0,0,0
2301,cell2302.png,1,0,0,0,0,0
2302,cell2303.png,1,0,0,0,0,0
2303,cell2304.png,1,0,0,0,0,0
2304,cell2305.png,1,0,0,0,0,0
2305,cell2306.png,1,0,0,0,0,0
2306,cell2307.png,1,0,0,0,0,0
2307,cell2308.png,1,0,0,0,0,0
2308,cell2309.png,1,0,0,0,0,0
2309,cell2310.png,1,0,0,0,0,0
2310,cell2311.png,1,0,0,0,0,0
2311,cell2312.png,1,0,0,0,0,0
2312,cell2313.png,1,0,0,0,0,0
2313,cell2314.png,1,0,0,0,0,0
2314,cell2315.png,1,0,0,0,0,0
2315,cell2316.png,1,0,0,0,0,0
2316,cell2317.png,1,0,0,0,0,0
2317,cell2318.png,0,0,0,0,0,1
2318,cell2319.png,1,0,0,0,0,0
2319,cell2320.png,1,0,0,0,0,0
2320,cell2321.png,1,0,0,0,0,0
2321,cell2322.png,1,0,0,0,0,0
2322,cell2323.png,0,0,0,0,0,1
2323,cell2324.png,0,0,0,0,0,1
2324,cell2325.png,1,0,0,0,0,0
2325,cell2326.png,0,0,0,0,0,1
2326,cell2327.png,0,0,0,0,0,1
2327,cell2328.png,0,0,0,0,0,1
2328,cell2329.png,0,0,0,0,0,1
2329,cell2330.png,0,0,0,0,0,1
2330,cell2331.png,0,0,0,0,0,1
2331,cell2332.png,0,0,0,0,0,1
2332,cell2333.png,0,0,0,0,0,1
2333,cell2334.png,0,0,0,0,0,1
2334,cell2335.png,0,0,0,0,0,1
2335,cell2336.png,0,0,0,0,0,1
2336,cell2337.png,1,0,0,0,0,0
2337,cell2338.png,1,0,0,0,0,0
2338,cell2339.png,1,0,0,0,0,0
2339,cell2340.png,1,0,0,0,0,0
2340,cell2341.png,1,0,0,0,0,0
2341,cell2342.png,1,0,0,0,0,0
2342,cell2343.png,1,0,0,0,0,0
2343,cell2344.png,1,0,0,0,0,0
2344,cell2345.png,1,0,0,0,0,0
2345,cell2346.png,1,0,0,0,0,0
2346,cell2347.png,1,0,0,0,0,0
2347,cell2348.png,1,0,0,0,0,0
2348,cell2349.png,1,0,0,0,0,0
2349,cell2350.png,0,1,0,0,0,0
2350,cell2351.png,1,0,0,0,0,0
2351,cell2352.png,1,0,0,0,0,0
2352,cell2353.png,1,0,0,0,0,0
2353,cell2354.png,1,0,0,0,0,0
2354,cell2355.png,1,0,0,0,0,0
2355,cell2356.png,1,0,0,0,0,0
2356,cell2357.png,1,0,0,0,0,0
2357,cell2358.png,1,0,0,0,0,0
2358,cell2359.png,1,0,0,0,0,0
2359,cell2360.png,1,0,0,0,0,0
2360,cell2361.png,1,0,0,0,0,0
2361,cell2362.png,0,1,0,0,0,0
2362,cell2363.png,1,0,0,0,0,0
2363,cell2364.png,1,0,0,0,0,0
2364,cell2365.png,1,0,0,0,0,0
2365,cell2366.png,1,0,0,0,0,0
2366,cell2367.png,0,0,0,0,0,1
2367,cell2368.png,1,0,0,0,0,0
2368,cell2369.png,0,1,0,0,0,0
2369,cell2370.png,1,0,0,0,0,0
2370,cell2371.png,1,0,0,0,0,0
2371,cell2372.png,1,0,0,0,0,0
2372,cell2373.png,1,0,0,0,0,0
2373,cell2374.png,1,0,0,0,0,0
2374,cell2375.png,1,0,0,0,0,0
2375,cell2376.png,1,0,0,0,0,0
2376,cell2377.png,1,0,0,0,0,0
2377,cell2378.png,1,0,0,0,0,0
2378,cell2379.png,1,0,0,0,0,0
2379,cell2380.png,1,0,0,0,0,0
2380,cell2381.png,1,0,0,0,0,0
2381,cell2382.png,1,0,0,0,0,0
2382,cell2383.png,1,0,0,0,0,0
2383,cell2384.png,1,0,0,0,0,0
2384,cell2385.png,1,0,0,0,0,0
2385,cell2386.png,0,0,0,0,0,1
2386,cell2387.png,1,0,0,0,0,0
2387,cell2388.png,1,0,0,0,0,0
2388,cell2389.png,1,0,0,0,0,0
2389,cell2390.png,1,0,0,0,0,0
2390,cell2391.png,1,0,0,0,0,0
2391,cell2392.png,0,1,0,0,0,0
2392,cell2393.png,1,0,0,0,0,0
2393,cell2394.png,1,0,0,0,0,0
2394,cell2395.png,1,0,0,0,0,0
2395,cell2396.png,1,0,0,0,0,0
2396,cell2397.png,0,0,0,0,0,1
2397,cell2398.png,1,0,0,0,0,0
2398,cell2399.png,1,0,0,0,0,0
2399,cell2400.png,0,0,0,0,1,0
2400,cell2401.png,1,0,0,0,0,0
2401,cell2402.png,1,0,0,0,0,0
2402,cell2403.png,1,0,0,0,0,0
2403,cell2404.png,1,0,0,0,0,0
2404,cell2405.png,1,0,0,0,0,0
2405,cell2406.png,1,0,0,0,0,0
2406,cell2407.png,1,0,0,0,0,0
2407,cell2408.png,0,0,0,0,0,1
2408,cell2409.png,1,0,0,0,0,0
2409,cell2410.png,0,0,0,0,0,1
2410,cell2411.png,1,0,0,0,0,0
2411,cell2412.png,0,0,0,0,0,1
2412,cell2413.png,0,0,0,0,0,1
2413,cell2414.png,0,0,0,0,0,1
2414,cell2415.png,1,0,0,0,0,0
2415,cell2416.png,1,0,0,0,0,0
2416,cell2417.png,0,0,0,0,0,1
2417,cell2418.png,1,0,0,0,0,0
2418,cell2419.png,1,0,0,0,0,0
2419,cell2420.png,1,0,0,0,0,0
2420,cell2421.png,1,0,0,0,0,0
2421,cell2422.png,1,0,0,0,0,0
2422,cell2423.png,1,0,0,0,0,0
2423,cell2424.png,1,0,0,0,0,0
2424,cell2425.png,1,0,0,0,0,0
2425,cell2426.png,1,0,0,0,0,0
2426,cell2427.png,0,0,0,0,0,1
2427,cell2428.png,1,0,0,0,0,0
2428,cell2429.png,1,0,0,0,0,0
2429,cell2430.png,1,0,0,0,0,0
2430,cell2431.png,0,0,0,0,0,1
2431,cell2432.png,1,0,0,0,0,0
2432,cell2433.png,1,0,0,0,0,0
2433,cell2434.png,1,0,0,0,0,0
2434,cell2435.png,0,0,0,0,0,1
2435,cell2436.png,1,0,0,0,0,0
2436,cell2437.png,0,0,0,0,0,1
2437,cell2438.png,0,0,0,0,0,1
2438,cell2439.png,0,0,0,0,0,1
2439,cell2440.png,0,0,0,0,0,1
2440,cell2441.png,1,0,0,0,0,0
2441,cell2442.png,1,0,0,0,0,0
2442,cell2443.png,1,0,0,0,0,0
2443,cell2444.png,1,0,0,0,0,0
2444,cell2445.png,1,0,0,0,0,0
2445,cell2446.png,0,1,0,0,0,0
2446,cell2447.png,1,0,0,0,0,0
2447,cell2448.png,1,0,0,0,0,0
2448,cell2449.png,1,0,0,0,0,0
2449,cell2450.png,1,0,0,0,0,0
2450,cell2451.png,1,0,0,0,0,0
2451,cell2452.png,1,0,0,0,0,0
2452,cell2453.png,1,0,0,0,0,0
2453,cell2454.png,1,0,0,0,0,0
2454,cell2455.png,1,0,0,0,0,0
2455,cell2456.png,0,1,0,0,0,0
2456,cell2457.png,1,0,0,0,0,0
2457,cell2458.png,1,0,0,0,0,0
2458,cell2459.png,1,0,0,0,0,0
2459,cell2460.png,1,0,0,0,0,0
2460,cell2461.png,1,0,0,0,0,0
2461,cell2462.png,1,0,0,0,0,0
2462,cell2463.png,1,0,0,0,0,0
2463,cell2464.png,1,0,0,0,0,0
2464,cell2465.png,1,0,0,0,0,0
2465,cell2466.png,1,0,0,0,0,0
2466,cell2467.png,1,0,0,0,0,0
2467,cell2468.png,1,0,0,0,0,0
2468,cell2469.png,1,0,0,0,0,0
2469,cell2470.png,1,0,0,0,0,0
2470,cell2471.png,1,0,0,0,0,0
2471,cell2472.png,1,0,0,0,0,0
2472,cell2473.png,1,0,0,0,0,0
2473,cell2474.png,1,0,0,0,0,0
2474,cell2475.png,1,0,0,0,0,0
2475,cell2476.png,1,0,0,0,0,0
2476,cell2477.png,1,0,0,0,0,0
2477,cell2478.png,1,0,0,0,0,0
2478,cell2479.png,1,0,0,0,0,0
2479,cell2480.png,1,0,0,0,0,0
2480,cell2481.png,1,0,0,0,0,0
2481,cell2482.png,1,0,0,0,0,0
2482,cell2483.png,0,0,0,0,0,1
2483,cell2484.png,0,0,0,0,0,1
2484,cell2485.png,1,0,0,0,0,0
2485,cell2486.png,1,0,0,0,0,0
2486,cell2487.png,1,0,0,0,0,0
2487,cell2488.png,1,0,0,0,0,0
2488,cell2489.png,1,0,0,0,0,0
2489,cell2490.png,1,0,0,0,0,0
2490,cell2491.png,1,0,0,0,0,0
2491,cell2492.png,1,0,0,0,0,0
2492,cell2493.png,1,0,0,0,0,0
2493,cell2494.png,1,0,0,0,0,0
2494,cell2495.png,1,0,0,0,0,0
2495,cell2496.png,1,0,0,0,0,0
2496,cell2497.png,1,0,0,0,0,0
2497,cell2498.png,1,0,0,0,0,0
2498,cell2499.png,1,0,0,0,0,0
2499,cell2500.png,1,0,0,0,0,0
2500,cell2501.png,1,0,0,0,0,0
2501,cell2502.png,1,0,0,0,0,0
2502,cell2503.png,1,0,0,0,0,0
2503,cell2504.png,1,0,0,0,0,0
2504,cell2505.png,1,0,0,0,0,0
2505,cell2506.png,1,0,0,0,0,0
2506,cell2507.png,1,0,0,0,0,0
2507,cell2508.png,1,0,0,0,0,0
2508,cell2509.png,0,1,0,0,0,0
2509,cell2510.png,1,0,0,0,0,0
2510,cell2511.png,1,0,0,0,0,0
2511,cell2512.png,1,0,0,0,0,0
2512,cell2513.png,1,0,0,0,0,0
2513,cell2514.png,1,0,0,0,0,0
2514,cell2515.png,1,0,0,0,0,0
2515,cell2516.png,0,1,0,0,0,0
2516,cell2517.png,0,1,0,0,0,0
2517,cell2518.png,1,0,0,0,0,0
2518,cell2519.png,1,0,0,0,0,0
2519,cell2520.png,1,0,0,0,0,0
2520,cell2521.png,1,0,0,0,0,0
2521,cell2522.png,1,0,0,0,0,0
2522,cell2523.png,1,0,0,0,0,0
2523,cell2524.png,1,0,0,0,0,0
2524,cell2525.png,0,1,0,0,0,0
2525,cell2526.png,0,1,0,0,0,0
2526,cell2527.png,1,0,0,0,0,0
2527,cell2528.png,1,0,0,0,0,0
2528,cell2529.png,1,0,0,0,0,0
2529,cell2530.png,1,0,0,0,0,0
2530,cell2531.png,1,0,0,0,0,0
2531,cell2532.png,1,0,0,0,0,0
2532,cell2533.png,1,0,0,0,0,0
2533,cell2534.png,1,0,0,0,0,0
2534,cell2535.png,1,0,0,0,0,0
2535,cell2536.png,0,1,0,0,0,0
2536,cell2537.png,1,0,0,0,0,0
2537,cell2538.png,0,0,1,0,0,0
2538,cell2539.png,1,0,0,0,0,0
2539,cell2540.png,1,0,0,0,0,0
2540,cell2541.png,1,0,0,0,0,0
2541,cell2542.png,0,0,0,0,0,1
2542,cell2543.png,1,0,0,0,0,0
2543,cell2544.png,0,0,1,0,0,0
2544,cell2545.png,1,0,0,0,0,0
2545,cell2546.png,0,1,0,0,0,0
2546,cell2547.png,0,1,0,0,0,0
2547,cell2548.png,0,1,0,0,0,0
2548,cell2549.png,1,0,0,0,0,0
2549,cell2550.png,1,0,0,0,0,0
2550,cell2551.png,1,0,0,0,0,0
2551,cell2552.png,1,0,0,0,0,0
2552,cell2553.png,1,0,0,0,0,0
2553,cell2554.png,0,0,0,0,0,1
2554,cell2555.png,0,1,0,0,0,0
2555,cell2556.png,1,0,0,0,0,0
2556,cell2557.png,1,0,0,0,0,0
2557,cell2558.png,1,0,0,0,0,0
2558,cell2559.png,1,0,0,0,0,0
2559,cell2560.png,1,0,0,0,0,0
2560,cell2561.png,1,0,0,0,0,0
2561,cell2562.png,1,0,0,0,0,0
2562,cell2563.png,1,0,0,0,0,0
2563,cell2564.png,1,0,0,0,0,0
2564,cell2565.png,0,0,0,0,0,1
2565,cell2566.png,0,0,0,0,0,1
2566,cell2567.png,0,0,0,0,0,1
2567,cell2568.png,0,0,0,0,0,1
2568,cell2569.png,1,0,0,0,0,0
2569,cell2570.png,0,0,0,0,0,1
2570,cell2571.png,0,0,0,0,0,1
2571,cell2572.png,0,0,0,0,1,0
2572,cell2573.png,0,0,0,0,0,1
2573,cell2574.png,0,0,0,0,1,0
2574,cell2575.png,0,1,0,0,0,0
2575,cell2576.png,0,0,0,0,0,1
2576,cell2577.png,0,0,0,0,1,0
2577,cell2578.png,1,0,0,0,0,0
2578,cell2579.png,0,0,0,0,0,1
2579,cell2580.png,1,0,0,0,0,0
2580,cell2581.png,0,0,0,0,1,0
2581,cell2582.png,1,0,0,0,0,0
2582,cell2583.png,0,0,0,0,1,0
2583,cell2584.png,0,0,0,0,0,1
2584,cell2585.png,0,0,0,0,0,1
2585,cell2586.png,1,0,0,0,0,0
2586,cell2587.png,1,0,0,0,0,0
2587,cell2588.png,0,0,0,0,0,1
2588,cell2589.png,0,0,0,0,0,1
2589,cell2590.png,1,0,0,0,0,0
2590,cell2591.png,1,0,0,0,0,0
2591,cell2592.png,1,0,0,0,0,0
2592,cell2593.png,1,0,0,0,0,0
2593,cell2594.png,0,0,0,0,0,1
2594,cell2595.png,1,0,0,0,0,0
2595,cell2596.png,0,0,0,0,0,1
2596,cell2597.png,1,0,0,0,0,0
2597,cell2598.png,1,0,0,0,0,0
2598,cell2599.png,0,0,0,0,0,1
2599,cell2600.png,0,0,0,0,0,1
2600,cell2601.png,1,0,0,0,0,0
2601,cell2602.png,1,0,0,0,0,0
2602,cell2603.png,1,0,0,0,0,0
2603,cell2604.png,0,1,0,0,0,0
2604,cell2605.png,0,0,0,0,0,1
2605,cell2606.png,1,0,0,0,0,0
2606,cell2607.png,0,0,0,0,0,1
2607,cell2608.png,1,0,0,0,0,0
2608,cell2609.png,1,0,0,0,0,0
2609,cell2610.png,1,0,0,0,0,0
2610,cell2611.png,1,0,0,0,0,0
2611,cell2612.png,0,0,0,0,0,1
2612,cell2613.png,1,0,0,0,0,0
2613,cell2614.png,1,0,0,0,0,0
2614,cell2615.png,0,0,0,0,0,1
2615,cell2616.png,0,0,0,0,0,1
2616,cell2617.png,0,0,0,0,0,1
2617,cell2618.png,0,0,0,0,0,1
2618,cell2619.png,1,0,0,0,0,0
2619,cell2620.png,1,0,0,0,0,0
2620,cell2621.png,1,0,0,0,0,0
2621,cell2622.png,1,0,0,0,0,0
2622,cell2623.png,1,0,0,0,0,0
2623,cell2624.png,1,0,0,0,0,0
